Date,Hs, TI, TE, T1, Tz, T3, T4, Tref, Tsea, Bat,rolling_mean,diff
2010-04-01 01:27:00,0.71,7.66,6.95,5.66,5.11,4.19,7.49,29.15,0.0,132,0.71,0.0
2010-04-01 01:57:00,0.7,7.88,7.13,5.71,5.11,4.11,7.18,29.1,0.0,132,0.705,0.0050000000000000044
2010-04-01 03:57:00,0.76,7.16,6.58,5.61,5.17,4.36,7.96,29.3,0.0,132,0.765,0.0050000000000000044
2010-04-01 04:27:00,0.75,7.04,6.49,5.58,5.16,4.37,7.99,29.55,0.0,132,0.755,0.0050000000000000044
2010-04-01 05:27:00,0.81,7.1,6.57,5.68,5.28,4.52,8.43,30.0,0.0,132,0.81,0.0
2010-04-01 10:57:00,0.74,6.7,6.02,4.77,4.2,3.29,5.14,30.2,0.0,132,0.735,0.0050000000000000044
2010-04-01 12:57:00,0.68,6.83,5.93,4.39,3.82,3.0,4.63,29.8,0.0,132,0.68,0.0
2010-04-01 15:27:00,0.81,6.21,5.52,4.31,3.85,3.15,5.02,29.55,0.0,132,0.815,0.004999999999999893
2010-04-01 18:27:00,0.75,6.21,5.55,4.5,4.09,3.42,5.67,29.4,0.0,132,0.755,0.0050000000000000044
2010-04-01 18:57:00,0.75,6.52,5.79,4.65,4.22,3.53,5.94,29.4,0.0,132,0.75,0.0
2010-04-01 19:27:00,0.75,6.46,5.76,4.65,4.22,3.51,5.86,29.4,0.0,132,0.75,0.0
2010-04-01 19:57:00,0.74,6.61,5.9,4.76,4.32,3.58,6.03,29.4,0.0,132,0.745,0.0050000000000000044
2010-04-01 20:27:00,0.74,6.47,5.78,4.73,4.32,3.63,6.16,29.4,0.0,132,0.74,0.0
2010-04-01 21:57:00,0.72,6.41,5.81,4.86,4.46,3.76,6.46,29.6,0.0,132,0.715,0.0050000000000000044
2010-04-01 22:27:00,0.73,6.53,5.97,5.03,4.61,3.88,6.73,29.55,0.0,132,0.725,0.0050000000000000044
2010-04-01 22:57:00,0.73,6.42,5.93,5.12,4.74,4.05,7.21,29.55,0.0,132,0.73,0.0
2010-04-01 23:57:00,0.68,6.6,6.04,5.13,4.72,3.99,7.0,29.45,0.0,132,0.675,0.0050000000000000044
2010-04-02 00:27:00,0.69,6.97,6.33,5.3,4.86,4.09,7.29,29.4,0.0,132,0.685,0.004999999999999893
2010-04-02 00:57:00,0.68,6.88,6.26,5.26,4.85,4.1,7.36,29.35,0.0,132,0.685,0.0050000000000000044
2010-04-02 01:57:00,0.66,6.77,6.21,5.27,4.84,4.06,7.16,29.3,0.0,132,0.66,0.0
2010-04-02 03:27:00,0.65,6.82,6.27,5.35,4.93,4.16,7.44,29.4,0.0,132,0.655,0.0050000000000000044
2010-04-02 04:57:00,0.74,6.77,6.28,5.38,4.94,4.1,7.17,29.6,0.0,132,0.74,0.0
2010-04-02 05:57:00,0.73,6.71,6.22,5.27,4.77,3.87,6.49,29.75,0.0,132,0.725,0.0050000000000000044
2010-04-02 07:27:00,0.83,6.81,6.37,5.4,4.83,3.8,6.19,29.9,0.0,132,0.835,0.0050000000000000044
2010-04-02 08:27:00,0.8,6.58,5.99,4.73,4.11,3.15,4.84,30.0,0.0,132,0.805,0.0050000000000000044
2010-04-02 08:57:00,0.81,6.48,5.88,4.63,4.04,3.14,4.85,30.0,0.0,132,0.805,0.0050000000000000044
2010-04-02 10:27:00,0.87,6.01,5.26,4.03,3.61,2.98,4.7,29.8,0.0,131,0.875,0.0050000000000000044
2010-04-02 12:27:00,0.95,5.75,5.13,4.14,3.77,3.18,5.15,29.5,0.0,131,0.955,0.0050000000000000044
2010-04-02 12:57:00,0.94,5.8,5.15,4.12,3.75,3.16,5.09,29.45,0.0,131,0.945,0.0050000000000000044
2010-04-02 14:27:00,0.93,5.56,4.94,4.04,3.72,3.19,5.19,29.45,0.0,131,0.935,0.0050000000000000044
2010-04-02 16:57:00,1.04,5.36,4.9,4.16,3.85,3.31,5.45,29.4,0.0,131,1.045,0.004999999999999893
2010-04-02 17:57:00,1.03,5.51,5.07,4.32,3.99,3.42,5.71,29.4,0.0,131,1.025,0.0050000000000001155
2010-04-02 18:57:00,1.01,5.48,5.01,4.3,4.0,3.46,5.81,29.4,0.0,131,1.005,0.0050000000000001155
2010-04-02 19:57:00,0.94,5.56,5.13,4.42,4.1,3.51,5.88,29.4,0.0,131,0.945,0.0050000000000000044
2010-04-02 20:57:00,0.98,5.66,5.25,4.58,4.25,3.65,6.2,29.35,0.0,131,0.985,0.0050000000000000044
2010-04-02 23:27:00,0.83,5.74,5.27,4.52,4.19,3.58,6.06,29.4,0.0,131,0.835,0.0050000000000000044
2010-04-03 00:27:00,0.79,5.8,5.34,4.6,4.27,3.67,6.28,29.4,0.0,131,0.795,0.0050000000000000044
2010-04-03 01:27:00,0.72,5.82,5.36,4.61,4.28,3.68,6.33,29.4,0.0,131,0.725,0.0050000000000000044
2010-04-03 01:57:00,0.73,5.94,5.45,4.66,4.31,3.68,6.29,29.4,0.0,131,0.725,0.0050000000000000044
2010-04-03 02:57:00,0.71,5.89,5.42,4.64,4.28,3.65,6.21,29.5,0.0,131,0.71,0.0
2010-04-03 04:57:00,0.73,5.72,5.18,4.34,3.98,3.37,5.54,29.6,0.0,131,0.73,0.0
2010-04-03 05:57:00,0.76,5.53,4.99,4.14,3.79,3.21,5.2,29.6,0.0,131,0.76,0.0
2010-04-03 06:57:00,0.8,5.26,4.78,4.01,3.69,3.15,5.09,29.7,0.0,131,0.805,0.0050000000000000044
2010-04-03 08:57:00,0.93,4.95,4.48,3.82,3.56,3.11,5.03,29.8,0.0,131,0.925,0.0050000000000000044
2010-04-03 09:27:00,0.93,4.9,4.37,3.67,3.41,2.99,4.77,29.8,0.0,131,0.93,0.0
2010-04-03 10:57:00,0.95,4.96,4.46,3.79,3.53,3.09,4.99,29.7,0.0,131,0.9550000000000001,0.0050000000000001155
2010-04-03 11:57:00,1.02,4.8,4.46,3.95,3.71,3.27,5.4,29.85,0.0,131,1.0100000000000002,0.009999999999999787
2010-04-03 14:27:00,1.12,4.96,4.62,4.07,3.81,3.32,5.49,29.5,0.0,131,1.1150000000000002,0.004999999999999893
2010-04-03 14:57:00,1.14,4.97,4.64,4.1,3.84,3.37,5.63,29.5,0.0,131,1.1300000000000001,0.009999999999999787
2010-04-03 16:27:00,0.98,5.16,4.81,4.24,3.97,3.45,5.75,29.5,0.0,131,0.9800000000000001,1.1102230246251565e-16
2010-04-03 18:27:00,0.95,5.07,4.61,3.97,3.71,3.24,5.34,29.45,0.0,131,0.9450000000000001,0.004999999999999893
2010-04-03 19:57:00,0.95,5.13,4.71,4.13,3.87,3.4,5.7,29.4,0.0,131,0.9550000000000001,0.0050000000000001155
2010-04-03 20:57:00,0.88,5.1,4.76,4.2,3.94,3.43,5.73,29.35,0.0,131,0.8850000000000001,0.0050000000000001155
2010-04-03 21:27:00,0.87,5.48,5.06,4.41,4.1,3.54,5.94,29.35,0.0,131,0.8750000000000001,0.0050000000000001155
2010-04-03 22:57:00,0.82,5.18,4.81,4.23,3.95,3.45,5.78,29.35,0.0,131,0.8250000000000001,0.0050000000000001155
2010-04-04 00:27:00,0.75,5.31,4.87,4.22,3.94,3.42,5.72,29.35,0.0,131,0.7500000000000001,1.1102230246251565e-16
2010-04-04 03:57:00,0.74,5.68,5.2,4.56,4.29,3.79,6.68,29.4,0.0,131,0.7300000000000001,0.009999999999999898
2010-04-04 04:57:00,0.69,5.84,5.26,4.53,4.25,3.75,6.59,29.65,0.0,131,0.6950000000000001,0.0050000000000001155
2010-04-04 05:57:00,0.66,5.67,5.14,4.42,4.14,3.63,6.3,29.95,0.0,131,0.6600000000000001,1.1102230246251565e-16
2010-04-04 07:57:00,0.72,5.27,4.59,3.67,3.34,2.83,4.36,29.95,0.0,131,0.7150000000000001,0.004999999999999893
2010-04-04 08:27:00,0.74,5.16,4.53,3.7,3.4,2.93,4.62,29.9,0.0,131,0.7300000000000001,0.009999999999999898
2010-04-04 09:27:00,0.72,5.44,4.72,3.78,3.46,2.97,4.69,29.9,0.0,131,0.7200000000000001,1.1102230246251565e-16
2010-04-04 09:57:00,0.72,5.52,4.74,3.77,3.46,2.98,4.73,29.95,0.0,131,0.7200000000000001,1.1102230246251565e-16
2010-04-04 10:57:00,0.68,5.81,5.04,4.03,3.7,3.15,5.09,29.9,0.0,131,0.6800000000000002,1.1102230246251565e-16
2010-04-04 11:27:00,0.67,5.8,5.01,4.01,3.67,3.14,5.06,29.85,0.0,131,0.6750000000000002,0.0050000000000001155
2010-04-04 12:57:00,0.7,5.54,4.89,4.09,3.8,3.31,5.5,29.7,0.0,131,0.6950000000000001,0.004999999999999893
2010-04-04 13:27:00,0.7,5.52,4.91,4.14,3.85,3.35,5.58,29.65,0.0,131,0.7000000000000001,1.1102230246251565e-16
2010-04-04 13:57:00,0.72,5.67,5.01,4.17,3.87,3.35,5.56,29.65,0.0,131,0.7100000000000001,0.009999999999999898
2010-04-04 15:27:00,0.73,5.53,5.0,4.28,3.99,3.48,5.9,29.65,0.0,131,0.7250000000000001,0.004999999999999893
2010-04-04 16:27:00,0.77,5.74,5.12,4.37,4.09,3.6,6.21,29.6,0.0,131,0.7650000000000001,0.004999999999999893
2010-04-04 16:57:00,0.77,5.56,4.99,4.28,4.01,3.53,6.03,29.6,0.0,131,0.7700000000000001,1.1102230246251565e-16
2010-04-04 17:27:00,0.77,6.04,5.34,4.44,4.12,3.56,6.09,29.6,0.0,131,0.7700000000000001,1.1102230246251565e-16
2010-04-04 17:57:00,0.76,5.77,5.11,4.31,4.02,3.53,6.05,29.55,0.0,131,0.7650000000000001,0.0050000000000001155
2010-04-04 18:27:00,0.76,5.78,5.1,4.31,4.04,3.57,6.18,29.55,0.0,131,0.7600000000000001,1.1102230246251565e-16
2010-04-04 18:57:00,0.76,6.0,5.3,4.45,4.15,3.62,6.24,29.5,0.0,131,0.7600000000000001,1.1102230246251565e-16
2010-04-04 20:57:00,0.72,5.99,5.31,4.47,4.16,3.62,6.24,29.4,0.0,131,0.7250000000000001,0.0050000000000001155
2010-04-04 21:27:00,0.74,6.03,5.41,4.63,4.33,3.79,6.69,29.4,0.0,131,0.7300000000000001,0.009999999999999898
2010-04-04 22:57:00,0.67,6.33,5.61,4.72,4.4,3.83,6.74,29.4,0.0,131,0.6750000000000002,0.0050000000000001155
2010-04-04 23:57:00,0.64,6.9,5.96,4.8,4.43,3.81,6.7,29.4,0.0,131,0.6350000000000001,0.004999999999999893
2010-04-05 00:27:00,0.64,6.24,5.6,4.77,4.46,3.9,6.96,29.4,0.0,131,0.6400000000000001,1.1102230246251565e-16
2010-04-05 03:27:00,0.53,6.93,6.07,4.88,4.46,3.76,6.5,29.65,0.0,131,0.5300000000000001,1.1102230246251565e-16
2010-04-05 03:57:00,0.55,7.49,6.47,5.01,4.52,3.75,6.45,29.7,0.0,131,0.5400000000000001,0.009999999999999898
2010-04-05 05:27:00,0.57,6.96,5.87,4.27,3.74,2.96,4.53,29.8,0.0,131,0.5750000000000001,0.0050000000000001155
2010-04-05 06:57:00,0.52,7.39,6.25,4.51,3.93,3.09,4.79,29.85,0.0,131,0.5250000000000001,0.0050000000000001155
2010-04-05 07:27:00,0.52,7.42,6.24,4.49,3.93,3.09,4.81,29.95,0.0,131,0.5200000000000001,1.1102230246251565e-16
2010-04-05 08:27:00,0.54,7.0,5.88,4.26,3.74,2.98,4.57,30.05,0.0,131,0.5450000000000002,0.0050000000000001155
2010-04-05 08:57:00,0.54,6.93,5.76,4.12,3.61,2.88,4.37,30.05,0.0,131,0.5400000000000001,1.1102230246251565e-16
2010-04-05 09:27:00,0.56,6.64,5.59,4.11,3.63,2.92,4.47,30.15,0.0,131,0.5500000000000002,0.009999999999999898
2010-04-05 10:27:00,0.58,7.07,5.85,4.12,3.63,2.92,4.5,30.05,0.0,131,0.5850000000000001,0.0050000000000001155
2010-04-05 10:57:00,0.58,6.55,5.47,3.94,3.47,2.8,4.26,30.05,0.0,131,0.5800000000000001,1.1102230246251565e-16
2010-04-05 11:57:00,0.62,6.74,5.5,3.86,3.42,2.82,4.33,29.95,0.0,131,0.6150000000000001,0.004999999999999893
2010-04-05 12:27:00,0.64,7.17,5.76,3.89,3.44,2.83,4.38,29.9,0.0,131,0.6300000000000001,0.009999999999999898
2010-04-05 12:57:00,0.65,6.84,5.47,3.79,3.4,2.86,4.49,29.85,0.0,131,0.6450000000000001,0.004999999999999893
2010-04-05 15:27:00,0.79,5.71,4.8,3.82,3.54,3.09,5.0,29.8,0.0,131,0.7850000000000001,0.004999999999999893
2010-04-05 15:57:00,0.78,5.55,4.71,3.81,3.55,3.12,5.09,29.75,0.0,131,0.7850000000000001,0.0050000000000001155
2010-04-05 16:57:00,0.84,5.66,4.84,3.94,3.67,3.23,5.34,29.75,0.0,131,0.8300000000000001,0.009999999999999898
2010-04-05 17:27:00,0.86,5.36,4.72,3.99,3.74,3.29,5.47,29.75,0.0,131,0.8500000000000001,0.009999999999999898
2010-04-05 18:27:00,0.85,5.66,4.99,4.19,3.91,3.4,5.7,29.75,0.0,131,0.8400000000000001,0.009999999999999898
2010-04-05 18:57:00,0.85,5.73,5.02,4.2,3.91,3.42,5.76,29.75,0.0,131,0.8500000000000001,1.1102230246251565e-16
2010-04-05 19:57:00,0.85,5.69,5.06,4.3,4.03,3.54,6.07,29.7,0.0,131,0.8400000000000001,0.009999999999999898
2010-04-05 20:27:00,0.84,5.81,5.12,4.29,4.0,3.49,5.91,29.7,0.0,131,0.8450000000000001,0.0050000000000001155
2010-04-05 21:57:00,0.8,5.64,4.99,4.2,3.91,3.42,5.74,29.7,0.0,131,0.7950000000000002,0.004999999999999893
2010-04-05 23:27:00,0.75,6.0,5.22,4.27,3.97,3.46,5.87,29.65,0.0,131,0.7450000000000001,0.004999999999999893
2010-04-06 01:27:00,0.82,5.83,5.17,4.39,4.11,3.62,6.25,29.65,0.0,131,0.81,0.009999999999999898
2010-04-06 02:57:00,0.9,5.96,5.35,4.61,4.33,3.82,6.76,29.75,0.0,131,0.8900000000000001,0.009999999999999898
2010-04-06 03:27:00,0.89,6.19,5.45,4.57,4.27,3.75,6.61,29.8,0.0,131,0.8950000000000001,0.0050000000000001155
2010-04-06 03:57:00,0.9,6.05,5.43,4.66,4.38,3.85,6.82,29.9,0.0,131,0.8950000000000001,0.004999999999999893
2010-04-06 04:57:00,0.88,6.07,5.42,4.64,4.36,3.84,6.82,30.15,0.0,131,0.8800000000000001,1.1102230246251565e-16
2010-04-06 05:57:00,0.85,6.11,5.47,4.68,4.39,3.86,6.85,30.25,0.0,131,0.8500000000000001,1.1102230246251565e-16
2010-04-06 06:57:00,0.8,5.78,5.22,4.5,4.21,3.66,6.29,30.4,0.0,132,0.7950000000000002,0.004999999999999893
2010-04-06 07:57:00,0.82,6.12,5.4,4.49,4.14,3.53,5.91,30.5,0.0,132,0.8250000000000001,0.0050000000000001155
2010-04-06 08:27:00,0.81,6.15,5.48,4.57,4.21,3.55,5.9,30.5,0.0,132,0.8150000000000002,0.0050000000000001155
2010-04-06 08:57:00,0.83,6.12,5.44,4.52,4.15,3.51,5.84,30.55,0.0,132,0.8200000000000001,0.009999999999999898
2010-04-06 10:57:00,0.82,5.78,5.06,4.09,3.75,3.19,5.18,30.3,0.0,132,0.8250000000000001,0.0050000000000001155
2010-04-06 11:57:00,0.87,5.86,5.06,4.08,3.76,3.23,5.3,30.2,0.0,132,0.8650000000000001,0.004999999999999893
2010-04-06 12:27:00,0.88,5.46,4.85,4.06,3.77,3.27,5.39,30.2,0.0,132,0.8750000000000001,0.004999999999999893
2010-04-06 12:57:00,0.87,5.8,5.04,4.12,3.8,3.28,5.38,30.15,0.0,132,0.8750000000000001,0.0050000000000001155
2010-04-06 13:57:00,0.86,6.17,5.31,4.26,3.92,3.37,5.62,30.1,0.0,132,0.8550000000000001,0.004999999999999893
2010-04-06 20:27:00,0.8,5.88,5.28,4.53,4.24,3.71,6.47,30.0,0.0,132,0.8050000000000002,0.0050000000000001155
2010-04-06 20:57:00,0.8,6.61,5.86,4.85,4.49,3.86,6.8,30.0,0.0,132,0.8000000000000002,1.1102230246251565e-16
2010-04-06 21:27:00,0.79,6.43,5.7,4.75,4.41,3.81,6.68,30.0,0.0,132,0.7950000000000002,0.0050000000000001155
2010-04-06 22:27:00,0.72,6.65,5.8,4.69,4.33,3.71,6.43,30.0,0.0,132,0.7250000000000001,0.0050000000000001155
2010-04-06 22:57:00,0.72,6.62,5.77,4.66,4.29,3.68,6.37,30.0,0.0,132,0.7200000000000001,1.1102230246251565e-16
2010-04-06 23:27:00,0.74,6.68,5.9,4.85,4.47,3.81,6.64,29.95,0.0,132,0.7300000000000001,0.009999999999999898
2010-04-07 00:27:00,0.72,6.66,5.79,4.67,4.3,3.68,6.36,29.9,0.0,132,0.7200000000000001,1.1102230246251565e-16
2010-04-07 02:27:00,0.7,6.91,6.04,4.87,4.47,3.8,6.61,29.9,0.0,132,0.7050000000000001,0.0050000000000001155
2010-04-07 04:57:00,0.63,7.19,6.3,5.04,4.63,3.94,7.01,30.15,0.0,132,0.6250000000000001,0.004999999999999893
2010-04-07 06:27:00,0.58,7.65,6.6,5.01,4.5,3.71,6.38,30.4,0.0,132,0.5800000000000001,1.1102230246251565e-16
2010-04-07 07:27:00,0.54,7.65,6.58,4.93,4.38,3.55,5.9,30.4,0.0,132,0.5400000000000001,1.1102230246251565e-16
2010-04-07 08:27:00,0.58,7.55,6.36,4.45,3.85,3.01,4.63,30.45,0.0,132,0.5750000000000001,0.004999999999999893
2010-04-07 08:57:00,0.59,7.02,6.01,4.45,3.91,3.11,4.83,30.45,0.0,132,0.5850000000000001,0.004999999999999893
2010-04-07 09:57:00,0.57,7.54,6.38,4.51,3.92,3.09,4.82,30.45,0.0,132,0.5650000000000002,0.004999999999999782
2010-04-07 10:57:00,0.6,7.28,6.02,4.16,3.65,2.94,4.55,30.4,0.0,132,0.6050000000000001,0.0050000000000001155
2010-04-07 12:57:00,0.64,7.27,5.98,4.13,3.64,2.96,4.64,30.25,0.0,132,0.6400000000000001,1.1102230246251565e-16
2010-04-07 13:27:00,0.63,7.31,5.99,4.13,3.64,2.97,4.66,30.25,0.0,132,0.6350000000000001,0.0050000000000001155
2010-04-07 15:27:00,0.65,7.07,5.87,4.25,3.83,3.2,5.25,30.15,0.0,132,0.6500000000000001,1.1102230246251565e-16
2010-04-07 15:57:00,0.66,6.91,5.79,4.26,3.83,3.18,5.16,30.1,0.0,132,0.6550000000000001,0.004999999999999893
2010-04-07 18:27:00,0.63,7.12,6.16,4.74,4.28,3.54,5.95,30.0,0.0,132,0.6200000000000001,0.009999999999999898
2010-04-07 20:57:00,0.62,7.45,6.37,4.83,4.36,3.65,6.27,29.95,0.0,132,0.6150000000000001,0.004999999999999893
2010-04-07 21:27:00,0.62,6.78,5.88,4.67,4.28,3.64,6.23,30.0,0.0,132,0.6200000000000001,1.1102230246251565e-16
2010-04-07 21:57:00,0.62,7.76,6.69,5.01,4.49,3.69,6.31,30.0,0.0,132,0.6200000000000001,1.1102230246251565e-16
2010-04-07 22:27:00,0.62,7.26,6.32,4.92,4.44,3.68,6.26,30.0,0.0,132,0.6200000000000001,1.1102230246251565e-16
2010-04-07 22:57:00,0.61,8.01,6.9,5.09,4.51,3.64,6.15,30.0,0.0,132,0.6150000000000001,0.0050000000000001155
2010-04-07 23:27:00,0.6,7.53,6.43,4.78,4.25,3.45,5.66,30.0,0.0,132,0.6050000000000001,0.0050000000000001155
2010-04-08 00:27:00,0.59,7.35,6.34,4.86,4.38,3.63,6.15,29.95,0.0,132,0.5800000000000001,0.009999999999999898
2010-04-08 00:57:00,0.61,7.41,6.46,5.01,4.51,3.72,6.33,30.0,0.0,132,0.6000000000000001,0.009999999999999898
2010-04-08 04:27:00,0.58,8.2,7.09,5.22,4.62,3.74,6.45,30.3,0.0,132,0.5750000000000001,0.004999999999999893
2010-04-08 05:27:00,0.55,8.01,6.84,4.9,4.29,3.4,5.52,30.35,0.0,132,0.5550000000000002,0.0050000000000001155
2010-04-08 05:57:00,0.56,8.32,7.12,4.89,4.14,3.11,4.78,30.4,0.0,132,0.5550000000000002,0.004999999999999893
2010-04-08 06:27:00,0.57,7.44,6.27,4.39,3.8,2.96,4.49,30.4,0.0,132,0.5650000000000002,0.004999999999999782
2010-04-08 06:57:00,0.56,7.34,6.19,4.3,3.7,2.87,4.32,30.45,0.0,132,0.5650000000000002,0.0050000000000001155
2010-04-08 07:57:00,0.55,7.14,5.93,3.98,3.42,2.69,4.0,30.45,0.0,132,0.5450000000000002,0.004999999999999893
2010-04-08 08:27:00,0.57,7.67,6.34,4.13,3.51,2.71,4.04,30.4,0.0,132,0.56,0.009999999999999898
2010-04-08 09:27:00,0.57,6.91,5.7,3.86,3.36,2.69,4.03,30.5,0.0,132,0.56,0.009999999999999898
2010-04-08 09:57:00,0.58,7.14,5.91,4.02,3.49,2.78,4.2,30.55,0.0,132,0.5750000000000001,0.004999999999999893
2010-04-08 12:27:00,0.56,7.9,6.54,4.31,3.71,2.93,4.55,30.35,0.0,132,0.5650000000000002,0.0050000000000001155
2010-04-08 12:57:00,0.57,7.15,5.89,4.04,3.55,2.88,4.48,30.3,0.0,132,0.5650000000000002,0.004999999999999782
2010-04-08 13:27:00,0.58,7.4,6.12,4.15,3.63,2.92,4.54,30.25,0.0,132,0.5750000000000001,0.004999999999999893
2010-04-08 13:57:00,0.59,7.45,6.16,4.22,3.7,2.97,4.65,30.25,0.0,132,0.5850000000000001,0.004999999999999893
2010-04-08 14:57:00,0.58,7.33,6.13,4.28,3.75,3.0,4.69,30.15,0.0,132,0.5750000000000001,0.004999999999999893
2010-04-08 15:27:00,0.58,7.24,6.05,4.22,3.7,2.96,4.61,30.15,0.0,132,0.5800000000000001,1.1102230246251565e-16
2010-04-08 18:27:00,0.58,7.53,6.46,4.67,4.08,3.25,5.22,30.1,0.0,132,0.5850000000000001,0.0050000000000001155
2010-04-08 18:57:00,0.6,7.71,6.62,4.83,4.24,3.39,5.54,30.15,0.0,132,0.5900000000000001,0.009999999999999898
2010-04-08 19:27:00,0.6,7.95,6.85,4.95,4.33,3.42,5.61,30.1,0.0,132,0.6000000000000001,1.1102230246251565e-16
2010-04-08 19:57:00,0.62,8.07,6.97,5.05,4.41,3.49,5.76,30.1,0.0,132,0.6100000000000001,0.009999999999999898
2010-04-08 22:57:00,0.64,7.48,6.38,4.54,3.91,3.02,4.62,30.1,0.0,132,0.6300000000000001,0.009999999999999898
2010-04-08 23:27:00,0.63,7.44,6.28,4.31,3.7,2.88,4.4,30.05,0.0,132,0.6350000000000001,0.0050000000000001155
2010-04-08 23:57:00,0.65,6.71,5.59,3.89,3.42,2.78,4.25,30.05,0.0,132,0.6400000000000001,0.009999999999999898
2010-04-09 00:27:00,0.66,6.67,5.47,3.82,3.39,2.8,4.33,30.0,0.0,132,0.6550000000000001,0.004999999999999893
2010-04-09 02:27:00,0.55,8.01,6.84,4.77,4.13,3.25,5.24,29.85,0.0,132,0.5500000000000002,1.1102230246251565e-16
2010-04-09 03:27:00,0.5,8.64,7.44,5.02,4.25,3.24,5.19,29.85,0.0,132,0.5050000000000001,0.0050000000000001155
2010-04-09 03:57:00,0.51,8.12,6.9,4.7,4.02,3.1,4.84,29.85,0.0,132,0.5050000000000001,0.004999999999999893
2010-04-09 04:27:00,0.53,8.52,7.26,4.76,3.98,2.98,4.58,29.9,0.0,132,0.5200000000000001,0.009999999999999898
2010-04-09 05:27:00,0.47,7.98,6.71,4.48,3.84,3.01,4.73,30.1,0.0,132,0.4750000000000001,0.0050000000000001155
2010-04-09 05:57:00,0.47,8.29,6.95,4.57,3.89,3.02,4.74,30.2,0.0,132,0.4700000000000001,1.1102230246251565e-16
2010-04-09 06:27:00,0.47,8.28,7.04,4.68,3.96,3.02,4.69,30.2,0.0,132,0.4700000000000001,1.1102230246251565e-16
2010-04-09 06:57:00,0.46,9.2,7.92,5.09,4.19,3.07,4.78,30.3,0.0,132,0.4650000000000001,0.00500000000000006
2010-04-09 07:27:00,0.45,8.64,7.38,4.87,4.08,3.06,4.75,30.25,0.0,132,0.4550000000000001,0.0050000000000001155
2010-04-09 08:57:00,0.48,8.35,6.97,4.21,3.46,2.57,3.75,30.15,0.0,132,0.4700000000000001,0.009999999999999898
2010-04-09 09:27:00,0.48,9.11,7.85,4.75,3.78,2.68,3.92,30.15,0.0,132,0.4800000000000001,1.1102230246251565e-16
2010-04-09 11:57:00,0.45,9.18,7.9,5.02,4.07,2.9,4.35,30.1,0.0,132,0.4500000000000001,1.1102230246251565e-16
2010-04-09 12:27:00,0.45,9.54,8.34,5.47,4.42,3.11,4.74,30.05,0.0,132,0.4500000000000001,1.1102230246251565e-16
2010-04-09 12:57:00,0.45,9.76,8.52,5.54,4.46,3.11,4.74,30.05,0.0,132,0.4500000000000001,1.1102230246251565e-16
2010-04-09 13:27:00,0.44,9.31,8.08,5.38,4.4,3.14,4.81,30.05,0.0,132,0.4450000000000001,0.0050000000000001155
2010-04-09 13:57:00,0.43,9.55,8.34,5.54,4.53,3.23,5.01,30.05,0.0,132,0.4350000000000001,0.0050000000000001155
2010-04-09 14:27:00,0.45,9.19,8.1,5.67,4.72,3.42,5.41,30.05,0.0,132,0.4400000000000001,0.009999999999999898
2010-04-09 14:57:00,0.45,9.57,8.55,6.08,5.04,3.6,5.75,30.05,0.0,132,0.4500000000000001,1.1102230246251565e-16
2010-04-09 15:27:00,0.46,9.11,7.96,5.63,4.77,3.55,5.73,30.05,0.0,131,0.4550000000000001,0.004999999999999893
2010-04-09 15:57:00,0.45,9.4,8.31,5.77,4.77,3.43,5.43,30.0,0.0,131,0.4550000000000001,0.0050000000000001155
2010-04-09 16:27:00,0.45,8.93,7.87,5.66,4.81,3.59,5.83,30.05,0.0,131,0.4500000000000001,1.1102230246251565e-16
2010-04-09 17:57:00,0.46,9.18,7.98,5.49,4.63,3.46,5.61,30.0,0.0,131,0.46000000000000013,1.1102230246251565e-16
2010-04-09 18:27:00,0.46,7.91,6.9,5.06,4.41,3.48,5.73,30.0,0.0,131,0.46000000000000013,1.1102230246251565e-16
2010-04-09 19:27:00,0.52,8.82,7.76,5.58,4.79,3.65,6.09,30.05,0.0,131,0.5150000000000001,0.004999999999999893
2010-04-09 20:27:00,0.5,8.18,7.08,5.15,4.5,3.56,5.96,30.0,0.0,131,0.4950000000000001,0.004999999999999893
2010-04-09 20:57:00,0.51,8.61,7.55,5.51,4.77,3.7,6.2,30.0,0.0,131,0.5050000000000001,0.004999999999999893
2010-04-09 21:27:00,0.5,8.06,7.0,5.16,4.53,3.6,6.02,30.0,0.0,131,0.5050000000000001,0.0050000000000001155
2010-04-09 22:27:00,0.53,8.8,7.76,5.7,4.94,3.83,6.55,30.0,0.0,131,0.5350000000000001,0.0050000000000001155
2010-04-09 23:57:00,0.54,8.54,7.45,5.47,4.79,3.78,6.46,30.0,0.0,131,0.5350000000000001,0.004999999999999893
2010-04-10 01:57:00,0.53,8.6,7.49,5.39,4.67,3.65,6.14,30.05,0.0,131,0.5200000000000001,0.009999999999999898
2010-04-10 02:57:00,0.52,8.5,7.34,5.32,4.66,3.7,6.28,30.05,0.0,131,0.5150000000000001,0.004999999999999893
2010-04-10 03:27:00,0.53,8.58,7.44,5.42,4.76,3.8,6.55,30.1,0.0,131,0.5250000000000001,0.004999999999999893
2010-04-10 03:57:00,0.53,8.66,7.61,5.62,4.92,3.89,6.78,30.2,0.0,131,0.5300000000000001,1.1102230246251565e-16
2010-04-10 04:27:00,0.53,9.12,8.06,5.9,5.11,3.97,6.88,30.3,0.0,131,0.5300000000000001,1.1102230246251565e-16
2010-04-10 05:27:00,0.48,8.95,7.76,5.55,4.84,3.83,6.66,30.6,0.0,131,0.4850000000000001,0.0050000000000001155
2010-04-10 05:57:00,0.49,9.13,8.01,5.76,4.98,3.88,6.7,30.85,0.0,131,0.4850000000000001,0.004999999999999893
2010-04-10 06:27:00,0.48,8.84,7.68,5.53,4.83,3.84,6.69,31.0,0.0,131,0.4850000000000001,0.0050000000000001155
2010-04-10 06:57:00,0.49,9.15,7.98,5.68,4.9,3.82,6.58,30.95,0.0,131,0.4850000000000001,0.004999999999999893
2010-04-10 07:57:00,0.48,9.4,8.26,5.78,4.89,3.68,6.12,31.05,0.0,131,0.4700000000000001,0.009999999999999898
2010-04-10 08:27:00,0.5,9.7,8.56,5.8,4.76,3.41,5.41,30.95,0.0,131,0.4900000000000001,0.009999999999999898
2010-04-10 08:57:00,0.49,9.12,7.76,4.88,3.98,2.88,4.32,30.8,0.0,131,0.4950000000000001,0.0050000000000001155
2010-04-10 09:57:00,0.57,7.98,6.49,3.9,3.32,2.63,3.97,30.6,0.0,131,0.5650000000000002,0.004999999999999782
2010-04-10 10:27:00,0.59,8.16,6.65,4.0,3.39,2.67,4.04,30.6,0.0,131,0.5800000000000001,0.009999999999999898
2010-04-10 10:57:00,0.59,7.37,5.89,3.75,3.28,2.68,4.1,30.55,0.0,131,0.5900000000000001,1.1102230246251565e-16
2010-04-10 13:27:00,0.69,7.48,6.0,3.9,3.44,2.85,4.47,30.4,0.0,131,0.6800000000000002,0.009999999999999787
2010-04-10 13:57:00,0.7,7.43,6.0,3.98,3.53,2.94,4.7,30.35,0.0,131,0.6950000000000001,0.004999999999999893
2010-04-10 14:27:00,0.71,7.34,5.96,4.01,3.56,2.95,4.7,30.3,0.0,131,0.7050000000000001,0.004999999999999893
2010-04-10 14:57:00,0.71,7.59,6.17,4.09,3.61,2.97,4.71,30.3,0.0,131,0.7100000000000001,1.1102230246251565e-16
2010-04-10 15:57:00,0.7,7.5,6.07,4.06,3.6,2.97,4.7,30.25,0.0,131,0.6950000000000001,0.004999999999999893
2010-04-10 16:57:00,0.72,7.8,6.38,4.22,3.7,3.01,4.78,30.25,0.0,131,0.7250000000000001,0.0050000000000001155
2010-04-10 17:27:00,0.71,7.63,6.22,4.19,3.71,3.07,4.96,30.2,0.0,131,0.7150000000000001,0.0050000000000001155
2010-04-10 18:57:00,0.69,8.06,6.76,4.61,4.04,3.27,5.37,30.15,0.0,131,0.6950000000000001,0.0050000000000001155
2010-04-10 19:57:00,0.65,8.4,7.0,4.71,4.1,3.28,5.39,30.25,0.0,131,0.6500000000000001,1.1102230246251565e-16
2010-04-10 20:57:00,0.71,8.22,6.98,4.89,4.29,3.47,5.84,30.4,0.0,131,0.7000000000000001,0.009999999999999898
2010-04-10 21:57:00,0.68,8.25,7.08,5.05,4.43,3.55,6.0,30.35,0.0,131,0.6800000000000002,1.1102230246251565e-16
2010-04-10 22:27:00,0.69,8.73,7.5,5.31,4.62,3.66,6.22,30.35,0.0,131,0.685,0.004999999999999893
2010-04-10 22:57:00,0.69,8.22,7.07,5.06,4.44,3.56,6.02,30.3,0.0,131,0.6900000000000001,1.1102230246251565e-16
2010-04-10 23:57:00,0.68,8.66,7.45,5.31,4.63,3.65,6.17,30.25,0.0,131,0.6750000000000002,0.004999999999999893
2010-04-11 01:27:00,0.62,8.89,7.66,5.38,4.64,3.61,6.03,30.2,0.0,131,0.6250000000000001,0.0050000000000001155
2010-04-11 03:27:00,0.69,8.51,7.32,5.03,4.29,3.3,5.32,30.15,0.0,131,0.6800000000000002,0.009999999999999787
2010-04-11 03:57:00,0.69,8.12,6.75,4.58,3.98,3.17,5.09,30.2,0.0,131,0.6900000000000001,1.1102230246251565e-16
2010-04-11 04:27:00,0.69,7.76,6.41,4.39,3.84,3.09,4.92,30.3,0.0,131,0.6900000000000001,1.1102230246251565e-16
2010-04-11 04:57:00,0.7,8.0,6.58,4.47,3.92,3.17,5.11,30.35,0.0,131,0.6950000000000001,0.004999999999999893
2010-04-11 05:27:00,0.71,7.55,6.18,4.3,3.81,3.13,5.02,30.4,0.0,131,0.7050000000000001,0.004999999999999893
2010-04-11 05:57:00,0.72,8.05,6.67,4.48,3.89,3.11,4.95,30.4,0.0,131,0.7150000000000001,0.004999999999999893
2010-04-11 06:27:00,0.72,7.73,6.33,4.24,3.71,2.99,4.72,30.45,0.0,131,0.7200000000000001,1.1102230246251565e-16
2010-04-11 06:57:00,0.74,7.5,6.07,4.12,3.64,2.99,4.74,30.4,0.0,131,0.7300000000000001,0.009999999999999898
2010-04-11 09:27:00,0.85,7.08,5.69,3.97,3.57,3.01,4.81,30.5,0.0,131,0.8550000000000001,0.0050000000000001155
2010-04-11 09:57:00,0.87,7.6,6.04,4.11,3.67,3.06,4.9,30.5,0.0,131,0.8600000000000001,0.009999999999999898
2010-04-11 10:57:00,0.96,6.95,5.61,4.07,3.7,3.14,5.1,30.5,0.0,131,0.9550000000000001,0.004999999999999893
2010-04-11 11:27:00,0.95,6.34,5.19,3.94,3.63,3.14,5.11,30.45,0.0,131,0.9550000000000001,0.0050000000000001155
2010-04-11 12:27:00,1.1,6.87,5.65,4.25,3.88,3.3,5.46,30.35,0.0,131,1.0900000000000003,0.009999999999999787
2010-04-11 14:27:00,1.21,6.56,5.59,4.38,3.99,3.38,5.6,30.15,0.0,131,1.21,0.0
2010-04-11 17:27:00,1.13,6.37,5.43,4.31,3.95,3.35,5.53,29.95,0.0,131,1.12,0.009999999999999787
2010-04-11 19:27:00,1.02,7.13,5.77,4.16,3.75,3.14,5.06,29.75,0.0,131,1.0150000000000001,0.004999999999999893
2010-04-11 19:57:00,1.01,7.44,5.99,4.24,3.8,3.17,5.15,29.75,0.0,131,1.0150000000000001,0.0050000000000001155
2010-04-11 20:27:00,1.02,6.77,5.57,4.2,3.83,3.24,5.3,29.75,0.0,131,1.0150000000000001,0.004999999999999893
2010-04-11 22:27:00,1.03,7.62,6.19,4.39,3.94,3.29,5.41,29.7,0.0,131,1.0250000000000001,0.004999999999999893
2010-04-12 02:57:00,0.85,9.24,7.66,5.21,4.56,3.67,6.3,29.6,0.0,131,0.8550000000000001,0.0050000000000001155
2010-04-12 03:57:00,0.77,9.14,7.59,5.2,4.56,3.67,6.27,29.75,0.0,131,0.7700000000000001,1.1102230246251565e-16
2010-04-12 08:57:00,0.74,8.64,7.19,4.9,4.26,3.37,5.48,30.5,0.0,131,0.7300000000000001,0.009999999999999898
2010-04-12 09:27:00,0.76,8.87,7.33,4.87,4.2,3.28,5.27,30.5,0.0,131,0.7500000000000001,0.009999999999999898
2010-04-12 12:57:00,0.8,8.31,6.73,4.46,3.9,3.14,5.04,30.3,0.0,131,0.8050000000000002,0.0050000000000001155
2010-04-12 13:27:00,0.79,9.17,7.52,4.74,4.05,3.16,5.08,30.3,0.0,131,0.7950000000000002,0.0050000000000001155
2010-04-12 15:57:00,0.8,9.47,7.9,5.2,4.48,3.51,5.85,30.25,0.0,131,0.7950000000000002,0.004999999999999893
2010-04-12 18:57:00,0.91,9.17,7.72,5.34,4.66,3.71,6.32,30.25,0.0,131,0.9000000000000001,0.009999999999999898
2010-04-12 19:57:00,0.87,8.32,6.96,4.98,4.44,3.64,6.25,30.3,0.0,131,0.8750000000000001,0.0050000000000001155
2010-04-12 20:27:00,0.88,7.62,6.47,4.89,4.42,3.69,6.34,30.25,0.0,131,0.8750000000000001,0.004999999999999893
2010-04-12 21:27:00,0.82,8.24,6.93,5.06,4.53,3.74,6.48,30.2,0.0,131,0.8150000000000002,0.004999999999999782
2010-04-12 21:57:00,0.81,8.94,7.51,5.3,4.69,3.81,6.64,30.15,0.0,131,0.8150000000000002,0.0050000000000001155
2010-04-12 22:27:00,0.8,8.89,7.54,5.39,4.77,3.87,6.76,30.15,0.0,131,0.8050000000000002,0.0050000000000001155
2010-04-13 00:27:00,0.74,8.31,7.03,4.93,4.27,3.31,5.24,30.15,0.0,131,0.7400000000000001,1.1102230246251565e-16
2010-04-13 01:27:00,0.77,9.62,8.25,5.53,4.64,3.43,5.5,30.1,0.0,131,0.7700000000000001,1.1102230246251565e-16
2010-04-13 04:27:00,0.69,9.32,7.91,5.35,4.57,3.51,5.76,30.25,0.0,131,0.685,0.004999999999999893
2010-04-13 05:27:00,0.68,9.2,7.84,5.34,4.58,3.54,5.87,30.5,0.0,131,0.6700000000000002,0.009999999999999898
2010-04-13 05:57:00,0.67,8.55,7.23,5.07,4.43,3.52,5.87,30.6,0.0,131,0.6750000000000002,0.0050000000000001155
2010-04-13 07:27:00,0.68,9.43,7.96,5.25,4.47,3.43,5.62,30.85,0.0,130,0.6800000000000002,1.1102230246251565e-16
2010-04-13 08:27:00,0.66,8.49,7.12,4.88,4.23,3.31,5.32,30.85,0.0,130,0.6600000000000001,1.1102230246251565e-16
2010-04-13 08:57:00,0.67,8.45,7.1,4.81,4.13,3.19,5.03,30.9,0.0,130,0.6650000000000001,0.004999999999999893
2010-04-13 09:27:00,0.67,8.79,7.29,4.65,3.92,2.98,4.6,30.95,0.0,130,0.6700000000000002,1.1102230246251565e-16
2010-04-13 09:57:00,0.67,8.53,7.01,4.44,3.76,2.9,4.46,30.85,0.0,130,0.6700000000000002,1.1102230246251565e-16
2010-04-13 10:57:00,0.74,7.39,5.93,3.93,3.46,2.85,4.46,30.75,0.0,130,0.7350000000000001,0.004999999999999893
2010-04-13 14:27:00,0.81,7.3,5.94,4.14,3.69,3.07,4.93,30.3,0.0,130,0.8050000000000002,0.004999999999999893
2010-04-13 14:57:00,0.82,7.28,5.97,4.18,3.73,3.08,4.94,30.3,0.0,130,0.8150000000000002,0.004999999999999782
2010-04-13 16:57:00,0.9,6.9,5.75,4.31,3.9,3.27,5.34,30.25,0.0,130,0.8900000000000001,0.009999999999999898
2010-04-13 17:27:00,0.92,6.78,5.64,4.26,3.88,3.3,5.43,30.2,0.0,130,0.9100000000000001,0.009999999999999898
2010-04-13 19:57:00,0.87,8.0,6.64,4.65,4.1,3.31,5.38,30.2,0.0,130,0.8600000000000001,0.009999999999999898
2010-04-13 20:57:00,0.81,7.76,6.47,4.61,4.09,3.34,5.47,30.2,0.0,130,0.8150000000000002,0.0050000000000001155
2010-04-14 01:57:00,0.59,8.36,7.07,5.04,4.44,3.57,6.04,30.15,0.0,130,0.5950000000000001,0.0050000000000001155
2010-04-14 03:27:00,0.6,8.93,7.51,5.32,4.69,3.78,6.54,30.2,0.0,130,0.6050000000000001,0.0050000000000001155
2010-04-14 03:57:00,0.59,8.85,7.56,5.38,4.71,3.76,6.49,30.35,0.0,130,0.5950000000000001,0.0050000000000001155
2010-04-14 04:27:00,0.59,9.08,7.86,5.62,4.88,3.84,6.63,30.45,0.0,130,0.5900000000000001,1.1102230246251565e-16
2010-04-14 04:57:00,0.58,9.05,7.76,5.51,4.8,3.81,6.58,30.55,0.0,130,0.5850000000000001,0.0050000000000001155
2010-04-14 05:57:00,0.57,8.96,7.6,5.32,4.64,3.69,6.31,30.7,0.0,130,0.56,0.009999999999999898
2010-04-14 06:27:00,0.57,8.71,7.42,5.32,4.67,3.74,6.39,30.75,0.0,130,0.5700000000000001,1.1102230246251565e-16
2010-04-14 06:57:00,0.56,8.6,7.26,5.17,4.56,3.69,6.32,30.85,0.0,130,0.5650000000000002,0.0050000000000001155
2010-04-14 08:27:00,0.58,8.68,7.33,5.1,4.42,3.44,5.57,30.9,0.0,130,0.5700000000000001,0.009999999999999898
2010-04-14 08:57:00,0.58,9.37,7.87,5.12,4.28,3.17,4.92,30.8,0.0,130,0.5800000000000001,1.1102230246251565e-16
2010-04-14 09:27:00,0.59,8.71,7.19,4.68,3.96,3.01,4.62,30.8,0.0,130,0.5850000000000001,0.004999999999999893
2010-04-14 09:57:00,0.61,8.62,7.22,4.66,3.91,2.94,4.48,30.85,0.0,130,0.6000000000000001,0.009999999999999898
2010-04-14 10:27:00,0.6,8.67,7.11,4.53,3.82,2.92,4.46,30.9,0.0,130,0.6050000000000001,0.0050000000000001155
2010-04-14 10:57:00,0.6,9.13,7.49,4.65,3.88,2.92,4.47,30.9,0.0,130,0.6000000000000001,1.1102230246251565e-16
2010-04-14 11:27:00,0.59,8.89,7.44,4.74,3.96,2.97,4.57,30.9,0.0,130,0.5950000000000001,0.0050000000000001155
2010-04-14 12:57:00,0.65,9.78,8.08,4.98,4.15,3.11,4.91,30.75,0.0,130,0.6550000000000001,0.0050000000000001155
2010-04-14 13:27:00,0.65,8.64,7.19,4.79,4.09,3.16,5.02,30.7,0.0,130,0.6500000000000001,1.1102230246251565e-16
2010-04-14 13:57:00,0.64,8.51,7.13,4.77,4.07,3.14,4.97,30.6,0.0,130,0.6450000000000001,0.0050000000000001155
2010-04-14 14:27:00,0.64,8.73,7.29,4.92,4.22,3.28,5.26,30.55,0.0,130,0.6400000000000001,1.1102230246251565e-16
2010-04-14 16:57:00,0.63,7.42,6.24,4.56,4.05,3.31,5.41,30.4,0.0,130,0.6300000000000001,1.1102230246251565e-16
2010-04-14 17:27:00,0.65,7.8,6.54,4.72,4.17,3.36,5.5,30.4,0.0,130,0.6400000000000001,0.009999999999999898
2010-04-14 17:57:00,0.67,8.91,7.41,5.03,4.34,3.4,5.57,30.35,0.0,130,0.6600000000000001,0.009999999999999898
2010-04-14 18:27:00,0.67,8.27,6.93,4.94,4.36,3.5,5.84,30.3,0.0,130,0.6700000000000002,1.1102230246251565e-16
2010-04-14 18:57:00,0.68,8.06,6.76,4.88,4.33,3.5,5.84,30.3,0.0,130,0.6750000000000002,0.004999999999999893
2010-04-14 19:27:00,0.68,8.04,6.73,4.85,4.3,3.49,5.82,30.3,0.0,130,0.6800000000000002,1.1102230246251565e-16
2010-04-14 19:57:00,0.69,8.19,6.85,4.93,4.36,3.52,5.88,30.25,0.0,130,0.685,0.004999999999999893
2010-04-14 20:27:00,0.69,7.9,6.63,4.92,4.42,3.65,6.23,30.25,0.0,130,0.6900000000000001,1.1102230246251565e-16
2010-04-14 21:57:00,0.71,8.59,7.19,5.17,4.58,3.71,6.32,30.3,0.0,130,0.7000000000000001,0.009999999999999898
2010-04-14 22:27:00,0.72,7.86,6.58,4.71,4.11,3.21,5.02,30.3,0.0,130,0.7150000000000001,0.004999999999999893
2010-04-14 22:57:00,0.71,9.24,7.74,5.27,4.52,3.45,5.55,30.3,0.0,130,0.7150000000000001,0.0050000000000001155
2010-04-14 23:57:00,0.68,9.1,7.6,5.3,4.63,3.66,6.11,30.3,0.0,130,0.685,0.0050000000000000044
2010-04-15 00:57:00,0.65,9.01,7.69,5.52,4.82,3.78,6.39,30.3,0.0,130,0.6550000000000001,0.0050000000000001155
2010-04-15 02:27:00,0.64,8.4,7.11,5.22,4.64,3.76,6.43,30.3,0.0,130,0.6450000000000001,0.0050000000000001155
2010-04-15 04:27:00,0.69,8.72,7.43,5.45,4.84,3.92,6.88,30.75,0.0,130,0.6800000000000002,0.009999999999999787
2010-04-15 05:57:00,0.68,9.34,7.94,5.64,4.96,3.96,6.94,31.15,0.0,130,0.685,0.0050000000000000044
2010-04-15 07:27:00,0.65,8.79,7.5,5.53,4.94,4.04,7.2,31.25,0.0,130,0.6400000000000001,0.009999999999999898
2010-04-15 07:57:00,0.64,10.21,8.75,6.0,5.12,3.91,6.68,31.2,0.0,130,0.6450000000000001,0.0050000000000001155
2010-04-15 08:27:00,0.63,8.9,7.51,5.22,4.49,3.44,5.5,31.25,0.0,130,0.6350000000000001,0.0050000000000001155
2010-04-15 08:57:00,0.64,8.65,7.1,4.61,3.91,2.96,4.5,31.4,0.0,130,0.6350000000000001,0.004999999999999893
2010-04-15 09:27:00,0.66,9.34,7.68,4.76,3.96,2.94,4.47,31.4,0.0,130,0.6500000000000001,0.009999999999999898
2010-04-15 11:27:00,0.63,7.53,5.99,3.9,3.42,2.79,4.31,31.1,0.0,130,0.6350000000000001,0.0050000000000001155
2010-04-15 13:57:00,0.82,7.07,5.56,3.83,3.46,2.95,4.72,30.7,0.0,130,0.81,0.009999999999999898
2010-04-15 14:27:00,0.82,6.93,5.49,3.87,3.52,3.02,4.87,30.7,0.0,130,0.8200000000000001,1.1102230246251565e-16
2010-04-15 15:27:00,0.88,6.3,5.08,3.81,3.5,3.03,4.88,30.6,0.0,130,0.8750000000000001,0.004999999999999893
2010-04-15 16:57:00,0.83,7.16,5.79,4.14,3.74,3.14,5.09,30.45,0.0,130,0.8350000000000001,0.0050000000000001155
2010-04-15 18:27:00,0.83,7.49,6.08,4.33,3.89,3.23,5.26,30.4,0.0,130,0.8350000000000001,0.0050000000000001155
2010-04-15 18:57:00,0.82,7.36,5.97,4.28,3.85,3.21,5.19,30.45,0.0,130,0.8250000000000001,0.0050000000000001155
2010-04-15 19:57:00,0.76,7.84,6.42,4.49,3.99,3.27,5.35,30.55,0.0,130,0.7650000000000001,0.0050000000000001155
2010-04-15 20:57:00,0.76,7.48,6.19,4.54,4.1,3.43,5.75,30.75,0.0,130,0.7500000000000001,0.009999999999999898
2010-04-15 21:27:00,0.75,7.01,5.85,4.53,4.16,3.57,6.11,30.75,0.0,130,0.7550000000000001,0.0050000000000001155
2010-04-15 23:27:00,0.68,7.9,6.57,4.81,4.35,3.66,6.34,30.55,0.0,130,0.6700000000000002,0.009999999999999898
2010-04-16 00:27:00,0.64,8.39,7.12,5.21,4.66,3.82,6.67,30.45,0.0,130,0.6450000000000001,0.0050000000000001155
2010-04-16 00:57:00,0.64,8.61,7.29,5.29,4.72,3.87,6.8,30.45,0.0,130,0.6400000000000001,1.1102230246251565e-16
2010-04-16 02:57:00,0.68,8.15,6.98,5.21,4.67,3.84,6.71,30.4,0.0,130,0.6800000000000002,1.1102230246251565e-16
2010-04-16 03:27:00,0.67,8.49,7.27,5.35,4.76,3.87,6.76,30.4,0.0,130,0.6750000000000002,0.0050000000000001155
2010-04-16 05:27:00,0.63,8.16,6.92,5.05,4.49,3.66,6.23,30.6,0.0,130,0.6300000000000001,1.1102230246251565e-16
2010-04-16 05:57:00,0.64,8.51,7.19,5.18,4.61,3.76,6.49,30.65,0.0,130,0.6350000000000001,0.004999999999999893
2010-04-16 06:27:00,0.63,8.85,7.57,5.38,4.71,3.75,6.43,30.95,0.0,130,0.6350000000000001,0.0050000000000001155
2010-04-16 06:57:00,0.63,8.91,7.55,5.35,4.7,3.76,6.46,31.05,0.0,130,0.6300000000000001,1.1102230246251565e-16
2010-04-16 07:27:00,0.63,8.6,7.32,5.26,4.63,3.72,6.36,31.1,0.0,130,0.6300000000000001,1.1102230246251565e-16
2010-04-16 08:57:00,0.6,8.28,6.87,4.64,3.99,3.09,4.8,31.15,0.0,130,0.6050000000000001,0.0050000000000001155
2010-04-16 10:27:00,0.63,8.21,6.79,4.52,3.87,3.0,4.63,31.05,0.0,130,0.6250000000000001,0.004999999999999893
2010-04-16 10:57:00,0.62,8.11,6.71,4.42,3.77,2.92,4.48,30.95,0.0,130,0.6250000000000001,0.0050000000000001155
2010-04-16 12:27:00,0.61,8.7,7.23,4.61,3.89,2.98,4.63,30.85,0.0,130,0.6100000000000001,1.1102230246251565e-16
2010-04-16 12:57:00,0.61,8.61,7.24,4.75,4.03,3.08,4.84,30.85,0.0,130,0.6100000000000001,1.1102230246251565e-16
2010-04-16 13:27:00,0.63,8.37,7.04,4.75,4.07,3.15,4.98,30.8,0.0,130,0.6200000000000001,0.009999999999999898
2010-04-16 13:57:00,0.64,8.46,7.14,4.73,4.0,3.05,4.74,30.75,0.0,130,0.6350000000000001,0.004999999999999893
2010-04-16 14:27:00,0.64,7.81,6.44,4.24,3.63,2.83,4.29,30.7,0.0,130,0.6400000000000001,1.1102230246251565e-16
2010-04-16 14:57:00,0.66,9.06,7.57,4.69,3.88,2.89,4.42,30.7,0.0,130,0.6500000000000001,0.009999999999999898
2010-04-16 17:27:00,0.61,9.02,7.51,4.82,4.05,3.07,4.8,30.65,0.0,130,0.6150000000000001,0.0050000000000001155
2010-04-16 20:27:00,0.51,9.67,8.23,5.26,4.31,3.11,4.76,30.6,0.0,130,0.5050000000000001,0.004999999999999893
2010-04-16 21:27:00,0.48,10.52,9.19,6.12,4.97,3.47,5.44,30.55,0.0,130,0.4700000000000001,0.009999999999999898
2010-04-16 21:57:00,0.49,10.66,9.46,6.62,5.5,3.97,6.7,30.55,0.0,130,0.4850000000000001,0.004999999999999893
2010-04-16 22:57:00,0.46,9.16,7.66,4.84,4.01,2.96,4.51,30.55,0.0,130,0.4650000000000001,0.00500000000000006
2010-04-17 00:27:00,0.5,9.15,7.6,4.57,3.75,2.78,4.18,30.55,0.0,130,0.4900000000000001,0.009999999999999898
2010-04-17 00:57:00,0.49,9.48,7.94,4.79,3.91,2.86,4.34,30.5,0.0,130,0.4950000000000001,0.0050000000000001155
2010-04-17 02:27:00,0.51,9.29,7.82,4.88,4.01,2.96,4.54,30.45,0.0,130,0.5000000000000001,0.009999999999999898
2010-04-17 02:57:00,0.52,9.78,8.15,4.91,4.02,2.95,4.55,30.45,0.0,130,0.5150000000000001,0.004999999999999893
2010-04-17 03:27:00,0.53,8.89,7.28,4.51,3.8,2.92,4.53,30.6,0.0,130,0.5250000000000001,0.004999999999999893
2010-04-17 03:57:00,0.52,9.53,7.85,4.76,3.96,2.99,4.67,30.7,0.0,130,0.5250000000000001,0.0050000000000001155
2010-04-17 04:27:00,0.54,9.58,7.88,4.76,3.95,2.98,4.64,30.85,0.0,130,0.5300000000000001,0.009999999999999898
2010-04-17 07:27:00,0.57,9.91,8.13,4.86,4.02,3.0,4.65,31.2,0.0,130,0.5650000000000002,0.004999999999999782
2010-04-17 07:57:00,0.56,9.73,8.08,4.97,4.12,3.07,4.78,31.3,0.0,130,0.5650000000000002,0.0050000000000001155
2010-04-17 08:27:00,0.55,9.63,7.84,4.72,3.93,2.97,4.61,31.3,0.0,130,0.5550000000000002,0.0050000000000001155
2010-04-17 09:27:00,0.59,9.74,8.01,4.78,3.95,2.94,4.51,31.4,0.0,130,0.5900000000000001,1.1102230246251565e-16
2010-04-17 09:57:00,0.59,10.08,8.28,4.78,3.9,2.87,4.37,31.45,0.0,130,0.5900000000000001,1.1102230246251565e-16
2010-04-17 10:27:00,0.61,10.03,8.14,4.56,3.73,2.77,4.19,31.3,0.0,130,0.6000000000000001,0.009999999999999898
2010-04-17 11:57:00,0.62,10.33,8.55,4.86,3.94,2.89,4.44,31.25,0.0,130,0.6150000000000001,0.004999999999999893
2010-04-17 12:27:00,0.63,10.34,8.55,4.82,3.89,2.85,4.36,31.1,0.0,130,0.6250000000000001,0.004999999999999893
2010-04-17 15:27:00,0.58,9.95,8.26,5.02,4.17,3.13,4.98,30.9,0.0,130,0.5700000000000001,0.009999999999999898
2010-04-17 15:57:00,0.58,10.2,8.56,5.22,4.3,3.19,5.1,30.9,0.0,130,0.5800000000000001,1.1102230246251565e-16
2010-04-17 16:27:00,0.6,10.04,8.38,5.22,4.35,3.27,5.26,30.9,0.0,130,0.5900000000000001,0.009999999999999898
2010-04-17 16:57:00,0.6,10.91,9.33,5.74,4.66,3.36,5.42,30.8,0.0,130,0.6000000000000001,1.1102230246251565e-16
2010-04-17 17:27:00,0.6,10.85,9.21,5.64,4.59,3.31,5.29,30.75,0.0,130,0.6000000000000001,1.1102230246251565e-16
2010-04-17 17:57:00,0.59,10.65,9.08,5.65,4.6,3.31,5.28,30.75,0.0,130,0.5950000000000001,0.0050000000000001155
2010-04-17 19:27:00,0.61,12.04,10.56,6.55,5.17,3.55,5.78,30.7,0.0,130,0.6150000000000001,0.0050000000000001155
2010-04-17 20:27:00,0.55,11.01,9.57,6.15,5.0,3.57,5.82,30.7,0.0,130,0.5550000000000002,0.0050000000000001155
2010-04-17 21:27:00,0.61,12.48,11.3,7.52,5.88,3.88,6.41,30.8,0.0,130,0.6000000000000001,0.009999999999999898
2010-04-18 02:27:00,0.54,11.53,10.45,7.32,5.93,4.08,6.91,30.6,0.0,130,0.5350000000000001,0.004999999999999893
2010-04-18 03:57:00,0.5,10.96,9.8,6.79,5.56,3.92,6.55,30.65,0.0,130,0.4950000000000001,0.004999999999999893
2010-04-18 05:27:00,0.47,10.41,9.23,6.4,5.28,3.78,6.22,31.05,0.0,130,0.4700000000000001,1.1102230246251565e-16
2010-04-18 06:57:00,0.51,11.37,10.2,6.85,5.41,3.59,5.65,31.3,0.0,130,0.5100000000000001,1.1102230246251565e-16
2010-04-18 07:27:00,0.5,10.82,9.62,6.45,5.13,3.43,5.29,31.4,0.0,130,0.5050000000000001,0.0050000000000001155
2010-04-18 08:57:00,0.5,10.98,9.61,5.85,4.49,2.94,4.33,31.35,0.0,130,0.4900000000000001,0.009999999999999898
2010-04-18 09:27:00,0.5,10.8,9.4,5.68,4.38,2.9,4.26,31.4,0.0,130,0.5000000000000001,1.1102230246251565e-16
2010-04-18 09:57:00,0.51,10.16,8.69,5.1,3.99,2.74,4.03,31.35,0.0,130,0.5050000000000001,0.004999999999999893
2010-04-18 11:57:00,0.56,9.85,8.27,4.68,3.73,2.69,4.03,31.3,0.0,130,0.5500000000000002,0.009999999999999898
2010-04-18 12:27:00,0.57,10.35,8.77,4.9,3.86,2.72,4.08,31.3,0.0,130,0.5650000000000002,0.004999999999999782
2010-04-18 12:57:00,0.56,9.69,8.01,4.4,3.55,2.63,3.94,31.25,0.0,130,0.5650000000000002,0.0050000000000001155
2010-04-18 13:57:00,0.53,9.5,7.84,4.49,3.67,2.75,4.18,31.15,0.0,130,0.5300000000000001,1.1102230246251565e-16
2010-04-18 15:57:00,0.56,9.1,7.53,4.42,3.67,2.79,4.3,31.05,0.0,130,0.5600000000000002,1.1102230246251565e-16
2010-04-18 16:27:00,0.55,9.34,7.69,4.37,3.6,2.72,4.15,31.05,0.0,130,0.5550000000000002,0.0050000000000001155
2010-04-18 17:57:00,0.56,9.64,8.11,4.78,3.91,2.9,4.51,31.0,0.0,130,0.5600000000000002,1.1102230246251565e-16
2010-04-18 18:27:00,0.55,9.57,7.93,4.6,3.78,2.84,4.39,31.0,0.0,130,0.5550000000000002,0.0050000000000001155
2010-04-18 20:27:00,0.51,9.78,8.15,4.8,3.94,2.94,4.6,30.9,0.0,130,0.5100000000000001,1.1102230246251565e-16
2010-04-18 20:57:00,0.53,10.23,8.62,5.03,4.08,3.0,4.71,30.9,0.0,130,0.5200000000000001,0.009999999999999898
2010-04-18 21:57:00,0.49,9.63,8.08,4.84,3.97,2.96,4.62,30.95,0.0,130,0.4900000000000001,1.1102230246251565e-16
2010-04-18 23:27:00,0.52,10.83,9.49,5.84,4.61,3.19,5.03,30.95,0.0,130,0.5150000000000001,0.004999999999999893
2010-04-19 00:27:00,0.49,10.97,9.6,5.99,4.75,3.3,5.26,30.85,0.0,130,0.4950000000000001,0.0050000000000001155
2010-04-19 04:27:00,0.57,11.54,10.49,7.08,5.56,3.72,6.08,31.1,0.0,130,0.5650000000000002,0.004999999999999782
2010-04-19 06:57:00,0.59,11.78,10.83,7.6,5.96,3.88,6.29,31.4,0.0,130,0.5950000000000001,0.0050000000000001155
2010-04-19 08:27:00,0.53,11.35,10.28,7.05,5.6,3.77,6.14,31.65,0.0,130,0.5350000000000001,0.0050000000000001155
2010-04-19 09:27:00,0.61,12.0,10.97,7.46,5.79,3.74,5.98,31.5,0.0,130,0.6050000000000001,0.004999999999999893
2010-04-19 10:27:00,0.61,10.96,9.68,5.68,4.27,2.77,4.04,31.4,0.0,130,0.6000000000000001,0.009999999999999898
2010-04-19 13:27:00,0.72,10.39,8.8,5.02,4.02,2.9,4.48,31.1,0.0,130,0.7200000000000001,1.1102230246251565e-16
2010-04-19 13:57:00,0.73,10.29,8.84,5.2,4.14,2.95,4.55,31.0,0.0,130,0.7250000000000001,0.004999999999999893
2010-04-19 14:27:00,0.72,10.42,9.03,5.49,4.4,3.13,4.94,31.0,0.0,130,0.7250000000000001,0.0050000000000001155
2010-04-19 15:27:00,0.71,10.64,9.28,5.7,4.53,3.18,5.02,31.05,0.0,130,0.7050000000000001,0.004999999999999893
2010-04-20 01:27:00,0.65,10.8,9.83,6.89,5.56,3.82,6.29,30.85,0.0,129,0.6450000000000001,0.004999999999999893
2010-04-20 02:57:00,0.68,10.69,9.72,6.97,5.72,4.04,6.83,31.05,0.0,129,0.6800000000000002,1.1102230246251565e-16
2010-04-20 04:27:00,0.68,10.97,9.97,7.05,5.73,3.98,6.67,31.35,0.0,129,0.685,0.0050000000000000044
2010-04-20 04:57:00,0.67,10.44,9.54,6.99,5.78,4.09,6.91,31.5,0.0,129,0.6750000000000002,0.0050000000000001155
2010-04-20 05:27:00,0.66,10.7,9.74,6.95,5.69,4.0,6.76,31.5,0.0,129,0.6650000000000001,0.0050000000000001155
2010-04-20 12:27:00,0.81,8.63,7.24,4.57,3.85,2.95,4.6,31.3,0.0,130,0.8100000000000002,1.1102230246251565e-16
2010-04-20 14:57:00,0.89,8.11,6.8,4.55,3.94,3.14,5.05,31.2,0.0,130,0.8800000000000001,0.009999999999999898
2010-04-20 15:27:00,0.9,8.27,6.97,4.65,4.01,3.16,5.08,31.2,0.0,130,0.8950000000000001,0.004999999999999893
2010-04-20 17:27:00,0.84,7.68,6.43,4.39,3.83,3.08,4.92,31.15,0.0,130,0.8400000000000001,1.1102230246251565e-16
2010-04-20 19:27:00,0.88,7.81,6.64,4.61,4.01,3.19,5.15,31.0,0.0,130,0.8800000000000001,1.1102230246251565e-16
2010-04-20 21:27:00,0.88,8.3,7.06,4.8,4.14,3.25,5.25,30.85,0.0,130,0.8750000000000001,0.004999999999999893
2010-04-20 21:57:00,0.87,8.41,7.17,4.81,4.1,3.16,5.01,30.8,0.0,130,0.8750000000000001,0.0050000000000001155
2010-04-20 22:57:00,0.81,8.42,7.2,4.97,4.29,3.37,5.56,30.75,0.0,129,0.8000000000000002,0.009999999999999898
2010-04-20 23:57:00,0.77,7.75,6.59,4.66,4.09,3.28,5.34,30.75,0.0,129,0.7750000000000001,0.0050000000000001155
2010-04-21 00:57:00,0.75,7.92,6.81,4.85,4.23,3.35,5.48,30.65,0.0,129,0.7400000000000001,0.009999999999999898
2010-04-21 01:27:00,0.76,7.83,6.78,4.95,4.34,3.46,5.73,30.7,0.0,129,0.7550000000000001,0.004999999999999893
2010-04-21 03:27:00,0.69,8.2,7.11,5.17,4.52,3.59,6.03,31.0,0.0,129,0.6800000000000002,0.009999999999999787
2010-04-21 05:27:00,0.65,8.51,7.39,5.36,4.66,3.67,6.2,31.6,0.0,129,0.6550000000000001,0.0050000000000001155
2010-04-21 05:57:00,0.65,9.04,7.9,5.61,4.79,3.63,6.03,31.5,0.0,129,0.6500000000000001,1.1102230246251565e-16
2010-04-21 07:27:00,0.7,8.55,7.29,4.74,3.94,2.94,4.5,31.5,0.0,129,0.6900000000000002,0.009999999999999787
2010-04-21 07:57:00,0.7,7.87,6.63,4.45,3.82,2.98,4.65,31.45,0.0,129,0.7000000000000001,1.1102230246251565e-16
2010-04-21 08:27:00,0.7,7.52,6.25,4.18,3.61,2.88,4.46,31.35,0.0,129,0.7000000000000001,1.1102230246251565e-16
2010-04-21 10:27:00,0.81,7.12,5.83,4.01,3.55,2.93,4.62,31.3,0.0,129,0.8000000000000002,0.009999999999999898
2010-04-21 10:57:00,0.8,7.17,5.86,4.07,3.61,2.97,4.69,31.25,0.0,129,0.8050000000000002,0.0050000000000001155
2010-04-21 11:27:00,0.81,6.75,5.54,3.97,3.57,3.01,4.81,31.25,0.0,129,0.8050000000000002,0.004999999999999893
2010-04-21 11:57:00,0.82,6.85,5.62,3.99,3.58,3.0,4.77,31.15,0.0,129,0.8150000000000002,0.004999999999999782
2010-04-21 12:57:00,0.85,6.36,5.29,3.93,3.56,3.01,4.78,31.05,0.0,129,0.8500000000000001,1.1102230246251565e-16
2010-04-21 13:27:00,0.85,6.44,5.26,3.87,3.5,2.96,4.66,30.95,0.0,129,0.8500000000000001,1.1102230246251565e-16
2010-04-21 15:27:00,0.99,6.11,5.25,4.16,3.81,3.25,5.31,30.7,0.0,129,0.9850000000000001,0.004999999999999893
2010-04-21 17:27:00,1.0,6.46,5.45,4.2,3.81,3.21,5.19,30.8,0.0,129,1.0,0.0
2010-04-21 17:57:00,1.01,6.16,5.28,4.16,3.8,3.22,5.22,30.85,0.0,129,1.0050000000000001,0.004999999999999893
2010-04-21 20:27:00,1.06,6.29,5.39,4.31,3.94,3.34,5.49,30.45,0.0,129,1.0500000000000003,0.009999999999999787
2010-04-21 21:57:00,0.96,6.9,5.89,4.61,4.19,3.5,5.84,30.3,0.0,129,0.9650000000000001,0.0050000000000001155
2010-04-21 22:57:00,0.95,6.65,5.78,4.74,4.37,3.73,6.4,30.25,0.0,129,0.9450000000000001,0.004999999999999893
2010-04-21 23:57:00,0.93,6.7,5.8,4.64,4.24,3.57,6.01,30.25,0.0,129,0.9300000000000002,1.1102230246251565e-16
2010-04-22 00:27:00,0.95,7.19,6.1,4.75,4.32,3.63,6.18,30.4,0.0,129,0.9400000000000002,0.009999999999999787
2010-04-22 01:57:00,0.86,7.24,6.24,4.93,4.49,3.77,6.52,30.4,0.0,129,0.8650000000000001,0.0050000000000001155
2010-04-22 03:57:00,0.8,8.08,6.8,5.12,4.63,3.87,6.81,30.9,0.0,129,0.7900000000000001,0.009999999999999898
2010-04-22 04:27:00,0.81,8.09,6.86,5.22,4.72,3.94,6.97,31.1,0.0,129,0.8050000000000002,0.004999999999999893
2010-04-22 05:27:00,0.73,7.97,6.74,5.09,4.59,3.81,6.6,31.35,0.0,129,0.7300000000000001,1.1102230246251565e-16
2010-04-22 07:27:00,0.7,7.74,6.38,4.47,3.91,3.11,4.87,31.4,0.0,129,0.7000000000000001,1.1102230246251565e-16
2010-04-22 08:57:00,0.83,6.53,5.3,3.86,3.49,2.95,4.68,31.2,0.0,129,0.8300000000000001,1.1102230246251565e-16
2010-04-22 10:57:00,1.01,7.39,5.91,4.2,3.79,3.19,5.19,30.75,0.0,129,1.0050000000000001,0.004999999999999893
2010-04-22 12:27:00,1.16,6.57,5.4,4.14,3.79,3.25,5.35,30.4,0.0,129,1.155,0.004999999999999893
2010-04-22 23:57:00,1.01,8.78,7.47,5.45,4.79,3.78,6.36,29.8,0.0,129,1.0050000000000001,0.004999999999999893
2010-04-23 07:27:00,0.84,7.79,6.68,4.92,4.28,3.32,5.26,30.6,0.0,129,0.8450000000000001,0.0050000000000001155
2010-04-23 08:57:00,0.92,8.42,7.09,4.89,4.19,3.21,5.06,30.5,0.0,129,0.9250000000000002,0.0050000000000001155
2010-04-23 09:27:00,0.93,7.9,6.63,4.6,3.99,3.14,4.97,30.45,0.0,129,0.9250000000000002,0.004999999999999893
2010-04-23 10:27:00,0.98,7.79,6.51,4.64,4.08,3.28,5.33,30.35,0.0,129,0.9700000000000001,0.009999999999999898
2010-04-23 10:57:00,1.0,7.84,6.56,4.61,4.04,3.23,5.2,30.25,0.0,129,0.9900000000000001,0.009999999999999898
2010-04-23 13:27:00,1.06,7.56,6.39,4.68,4.15,3.37,5.52,29.8,0.0,129,1.0650000000000002,0.0050000000000001155
2010-04-23 14:27:00,1.01,7.19,6.08,4.57,4.1,3.37,5.53,29.75,0.0,129,1.0050000000000001,0.004999999999999893
2010-04-23 14:57:00,1.0,6.69,5.7,4.47,4.09,3.48,5.87,29.7,0.0,129,1.0050000000000001,0.0050000000000001155
2010-04-23 15:57:00,1.04,7.23,6.12,4.65,4.21,3.51,5.88,29.75,0.0,129,1.04,0.0
2010-04-23 16:57:00,0.99,6.97,6.03,4.77,4.35,3.65,6.22,29.95,0.0,129,0.9950000000000001,0.0050000000000001155
2010-04-23 18:57:00,0.92,8.19,7.0,5.13,4.54,3.66,6.19,29.7,0.0,129,0.9150000000000001,0.004999999999999893
2010-04-23 21:57:00,0.88,7.99,6.92,5.26,4.7,3.83,6.58,29.65,0.0,129,0.8700000000000001,0.009999999999999898
2010-04-23 22:27:00,0.89,7.63,6.69,5.19,4.65,3.77,6.4,29.75,0.0,129,0.8850000000000001,0.004999999999999893
2010-04-23 23:57:00,0.89,7.83,6.88,5.38,4.84,3.95,6.85,30.0,0.0,129,0.8850000000000001,0.004999999999999893
2010-04-24 02:27:00,0.81,8.09,7.0,5.32,4.77,3.91,6.84,30.05,0.0,129,0.8100000000000002,1.1102230246251565e-16
2010-04-24 02:57:00,0.82,7.82,6.78,5.22,4.7,3.88,6.75,30.05,0.0,129,0.8150000000000002,0.004999999999999782
2010-04-24 03:57:00,0.78,8.97,7.83,5.71,4.99,3.93,6.8,30.5,0.0,129,0.7850000000000001,0.0050000000000001155
2010-04-24 04:27:00,0.77,8.27,7.22,5.46,4.85,3.91,6.77,30.6,0.0,129,0.7750000000000001,0.0050000000000001155
2010-04-24 04:57:00,0.78,8.65,7.58,5.68,5.01,4.0,6.99,30.7,0.0,129,0.7750000000000001,0.004999999999999893
2010-04-24 06:27:00,0.77,8.13,7.07,5.37,4.8,3.93,6.89,31.15,0.0,129,0.7750000000000001,0.0050000000000001155
2010-04-24 06:57:00,0.79,8.28,7.26,5.54,4.95,4.01,7.05,31.05,0.0,129,0.7800000000000001,0.009999999999999898
2010-04-24 07:27:00,0.81,8.34,7.32,5.65,5.05,4.09,7.22,30.95,0.0,129,0.8000000000000002,0.009999999999999898
2010-04-24 09:57:00,0.8,7.82,6.86,5.17,4.53,3.53,5.71,30.9,0.0,129,0.8000000000000002,1.1102230246251565e-16
2010-04-24 10:27:00,0.79,7.16,6.29,4.88,4.34,3.47,5.64,30.65,0.0,129,0.7950000000000002,0.0050000000000001155
2010-04-24 11:57:00,0.83,7.23,6.36,4.87,4.29,3.38,5.43,30.5,0.0,129,0.8350000000000001,0.0050000000000001155
2010-04-24 12:27:00,0.84,7.45,6.43,4.77,4.19,3.33,5.34,30.5,0.0,129,0.8350000000000001,0.004999999999999893
2010-04-24 12:57:00,0.84,7.15,6.18,4.65,4.13,3.32,5.37,30.45,0.0,129,0.8400000000000001,1.1102230246251565e-16
2010-04-24 13:57:00,0.82,7.28,6.25,4.62,4.09,3.29,5.32,30.35,0.0,129,0.8150000000000002,0.004999999999999782
2010-04-24 15:57:00,0.86,7.66,6.58,4.86,4.32,3.51,5.87,31.1,0.0,129,0.8550000000000001,0.004999999999999893
2010-04-24 16:57:00,0.82,7.81,6.75,5.01,4.44,3.59,6.03,30.75,0.0,129,0.81,0.009999999999999898
2010-04-24 18:27:00,0.73,7.23,6.33,4.9,4.4,3.61,6.1,30.3,0.0,129,0.7300000000000001,1.1102230246251565e-16
2010-04-24 18:57:00,0.74,7.37,6.45,5.0,4.5,3.7,6.3,30.3,0.0,129,0.7350000000000001,0.004999999999999893
2010-04-24 20:27:00,0.75,7.34,6.46,5.07,4.56,3.74,6.36,30.3,0.0,129,0.7550000000000001,0.0050000000000001155
2010-04-24 21:27:00,0.72,7.75,6.77,5.11,4.53,3.63,6.06,30.25,0.0,129,0.7200000000000001,1.1102230246251565e-16
2010-04-24 21:57:00,0.71,7.31,6.37,4.89,4.38,3.57,5.97,30.25,0.0,129,0.7150000000000001,0.0050000000000001155
2010-04-24 22:57:00,0.69,7.66,6.66,5.01,4.45,3.58,5.97,30.75,0.0,129,0.6900000000000001,1.1102230246251565e-16
2010-04-24 23:27:00,0.71,7.75,6.77,5.11,4.53,3.64,6.1,30.65,0.0,129,0.7000000000000001,0.009999999999999898
2010-04-25 00:27:00,0.67,6.82,6.01,4.79,4.33,3.58,5.97,30.6,0.0,129,0.6750000000000002,0.0050000000000001155
2010-04-25 00:57:00,0.69,7.59,6.63,5.02,4.46,3.59,5.97,30.6,0.0,129,0.6800000000000002,0.009999999999999787
2010-04-25 06:57:00,0.65,7.64,6.74,5.21,4.64,3.73,6.26,31.0,0.0,129,0.6500000000000001,1.1102230246251565e-16
2010-04-25 07:57:00,0.65,7.84,6.87,5.08,4.41,3.4,5.41,31.35,0.0,129,0.6400000000000001,0.009999999999999898
2010-04-25 08:27:00,0.67,7.8,6.84,5.03,4.33,3.3,5.17,31.1,0.0,129,0.6600000000000001,0.009999999999999898
2010-04-25 09:27:00,0.66,7.43,6.38,4.5,3.88,3.01,4.66,31.0,0.0,129,0.6550000000000001,0.004999999999999893
2010-04-25 09:57:00,0.66,7.18,6.14,4.35,3.77,2.97,4.6,30.95,0.0,129,0.6600000000000001,1.1102230246251565e-16
2010-04-25 12:27:00,0.77,6.54,5.5,4.0,3.57,2.96,4.66,30.7,0.0,129,0.7700000000000001,1.1102230246251565e-16
2010-04-25 12:57:00,0.79,6.47,5.48,4.05,3.63,3.03,4.82,30.65,0.0,129,0.7800000000000001,0.009999999999999898
2010-04-25 13:27:00,0.8,6.6,5.6,4.16,3.73,3.11,5.01,30.6,0.0,129,0.7950000000000002,0.004999999999999893
2010-04-25 15:27:00,0.85,6.39,5.46,4.17,3.77,3.15,5.06,30.25,0.0,129,0.8550000000000001,0.0050000000000001155
2010-04-25 15:57:00,0.87,6.17,5.31,4.13,3.76,3.17,5.13,30.1,0.0,129,0.8600000000000001,0.009999999999999898
2010-04-25 18:27:00,0.86,6.75,5.79,4.39,3.94,3.26,5.29,30.0,0.0,129,0.8600000000000001,1.1102230246251565e-16
2010-04-25 18:57:00,0.85,7.15,6.13,4.56,4.06,3.32,5.41,30.0,0.0,129,0.8550000000000001,0.0050000000000001155
2010-04-25 19:57:00,0.82,7.35,6.27,4.55,4.02,3.24,5.22,29.95,0.0,129,0.8250000000000001,0.0050000000000001155
2010-04-25 22:27:00,0.78,7.73,6.7,4.89,4.29,3.42,5.62,29.7,0.0,129,0.7800000000000001,1.1102230246251565e-16
2010-04-26 00:27:00,0.79,7.51,6.6,5.07,4.55,3.75,6.48,30.3,0.0,129,0.7950000000000002,0.0050000000000001155
2010-04-26 00:57:00,0.81,7.81,6.88,5.23,4.65,3.78,6.5,30.4,0.0,129,0.8000000000000002,0.009999999999999898
2010-04-26 01:57:00,0.78,7.56,6.68,5.19,4.66,3.82,6.59,30.3,0.0,129,0.7800000000000001,1.1102230246251565e-16
2010-04-26 02:57:00,0.85,7.55,6.72,5.34,4.84,4.02,7.15,30.1,0.0,129,0.8400000000000001,0.009999999999999898
2010-04-26 03:57:00,0.78,7.39,6.57,5.19,4.68,3.85,6.64,30.0,0.0,129,0.7800000000000001,1.1102230246251565e-16
2010-04-26 04:27:00,0.8,7.33,6.47,5.07,4.55,3.71,6.23,29.9,0.0,129,0.7900000000000001,0.009999999999999898
2010-04-26 07:57:00,0.78,7.36,6.55,5.15,4.6,3.68,6.1,30.4,0.0,129,0.7700000000000001,0.009999999999999898
2010-04-26 09:57:00,0.81,7.38,6.45,4.73,4.1,3.2,5.05,30.5,0.0,129,0.8050000000000002,0.004999999999999893
2010-04-26 11:27:00,0.86,6.75,5.79,4.23,3.74,3.04,4.81,30.15,0.0,129,0.8500000000000001,0.009999999999999898
2010-04-26 12:57:00,0.96,6.0,5.16,4.03,3.68,3.14,5.11,29.95,0.0,129,0.9550000000000001,0.004999999999999893
2010-04-26 13:27:00,0.98,6.08,5.28,4.17,3.81,3.24,5.31,29.9,0.0,129,0.9700000000000001,0.009999999999999898
2010-04-26 14:27:00,1.01,6.23,5.4,4.21,3.83,3.23,5.26,29.95,0.0,129,1.0100000000000002,2.220446049250313e-16
2010-04-26 17:57:00,0.96,6.35,5.57,4.48,4.1,3.48,5.84,30.0,0.0,129,0.9550000000000001,0.004999999999999893
2010-04-26 20:27:00,0.85,7.41,6.46,4.94,4.43,3.65,6.22,30.2,0.0,129,0.8400000000000001,0.009999999999999898
2010-04-26 21:57:00,0.79,7.53,6.67,5.18,4.63,3.78,6.48,29.7,0.0,129,0.7900000000000001,1.1102230246251565e-16
2010-04-26 22:27:00,0.8,7.28,6.48,5.13,4.63,3.81,6.55,29.7,0.0,129,0.7950000000000002,0.004999999999999893
2010-04-26 22:57:00,0.81,7.75,6.86,5.29,4.72,3.85,6.68,29.95,0.0,129,0.8050000000000002,0.004999999999999893
2010-04-27 01:57:00,0.82,7.44,6.64,5.26,4.75,3.91,6.81,29.6,0.0,129,0.81,0.009999999999999898
2010-04-27 02:27:00,0.83,7.43,6.66,5.34,4.84,4.03,7.15,29.65,0.0,129,0.8250000000000001,0.004999999999999893
2010-04-27 03:57:00,0.76,7.78,6.9,5.36,4.79,3.88,6.7,30.3,0.0,129,0.7500000000000001,0.009999999999999898
2010-04-27 04:27:00,0.76,7.44,6.63,5.26,4.74,3.9,6.77,30.5,0.0,129,0.7600000000000001,1.1102230246251565e-16
2010-04-27 05:57:00,0.74,7.37,6.53,5.13,4.61,3.8,6.55,30.85,0.0,129,0.7300000000000001,0.009999999999999898
2010-04-27 07:27:00,0.76,7.57,6.71,5.18,4.58,3.63,5.97,31.0,0.0,129,0.7650000000000001,0.0050000000000001155
2010-04-27 08:27:00,0.74,7.8,6.86,5.07,4.38,3.36,5.32,30.95,0.0,129,0.7300000000000001,0.009999999999999898
2010-04-27 08:57:00,0.74,7.61,6.69,4.95,4.28,3.29,5.17,30.75,0.0,129,0.7400000000000001,1.1102230246251565e-16
2010-04-27 09:57:00,0.77,7.27,6.22,4.41,3.82,3.0,4.63,30.55,0.0,129,0.7750000000000001,0.0050000000000001155
2010-04-27 10:27:00,0.76,6.93,5.95,4.33,3.79,3.02,4.72,30.4,0.0,129,0.7650000000000001,0.0050000000000001155
2010-04-27 10:57:00,0.78,6.43,5.45,4.01,3.57,2.93,4.59,30.3,0.0,129,0.7700000000000001,0.009999999999999898
2010-04-27 11:57:00,0.81,6.76,5.73,4.11,3.64,2.98,4.69,30.25,0.0,129,0.8100000000000002,1.1102230246251565e-16
2010-04-27 12:57:00,0.85,6.27,5.26,3.91,3.54,2.99,4.77,30.2,0.0,129,0.8550000000000001,0.0050000000000001155
2010-04-27 14:57:00,0.91,6.5,5.59,4.29,3.88,3.25,5.31,30.05,0.0,129,0.9050000000000001,0.004999999999999893
2010-04-27 15:57:00,0.88,6.1,5.28,4.19,3.85,3.29,5.44,30.0,0.0,129,0.8850000000000001,0.0050000000000001155
2010-04-27 16:27:00,0.88,6.47,5.58,4.34,3.94,3.32,5.47,29.95,0.0,129,0.8800000000000001,1.1102230246251565e-16
2010-04-27 18:57:00,0.9,6.34,5.6,4.57,4.21,3.6,6.17,30.05,0.0,129,0.8950000000000001,0.004999999999999893
2010-04-27 23:27:00,0.71,7.62,6.71,5.14,4.58,3.7,6.29,29.9,0.0,129,0.7100000000000001,1.1102230246251565e-16
2010-04-28 01:27:00,0.69,7.29,6.44,5.11,4.62,3.81,6.58,30.1,0.0,128,0.6950000000000001,0.0050000000000001155
2010-04-28 01:57:00,0.71,7.63,6.78,5.35,4.8,3.92,6.81,29.8,0.0,128,0.7000000000000001,0.009999999999999898
2010-04-28 02:27:00,0.71,7.87,7.05,5.51,4.89,3.89,6.67,29.85,0.0,128,0.7100000000000001,1.1102230246251565e-16
2010-04-28 04:57:00,0.7,7.47,6.52,5.15,4.69,3.92,6.91,30.55,0.0,128,0.7050000000000001,0.0050000000000001155
2010-04-28 06:27:00,0.65,7.79,6.79,5.26,4.71,3.82,6.53,30.7,0.0,128,0.6450000000000001,0.004999999999999893
2010-04-28 06:57:00,0.67,7.6,6.65,5.18,4.65,3.8,6.5,30.65,0.0,128,0.6600000000000001,0.009999999999999898
2010-04-28 08:27:00,0.69,7.65,6.63,4.85,4.18,3.19,4.92,30.95,0.0,128,0.6900000000000001,1.1102230246251565e-16
2010-04-28 09:57:00,0.71,7.25,6.04,4.19,3.63,2.85,4.34,30.75,0.0,128,0.7150000000000001,0.0050000000000001155
2010-04-28 10:27:00,0.72,7.4,6.17,4.2,3.63,2.86,4.38,30.7,0.0,128,0.7150000000000001,0.004999999999999893
2010-04-28 12:57:00,0.94,6.22,5.25,3.98,3.62,3.07,4.93,30.2,0.0,128,0.9400000000000001,1.1102230246251565e-16
2010-04-28 13:57:00,0.99,6.15,5.22,4.08,3.73,3.18,5.17,30.0,0.0,128,0.9800000000000001,0.009999999999999898
2010-04-28 14:57:00,1.03,6.36,5.48,4.38,4.02,3.43,5.72,29.95,0.0,128,1.0250000000000001,0.004999999999999893
2010-04-28 15:57:00,1.09,6.07,5.36,4.43,4.09,3.5,5.88,29.95,0.0,128,1.0950000000000002,0.0050000000000001155
2010-04-28 18:27:00,1.0,7.03,6.03,4.75,4.33,3.64,6.19,29.7,0.0,128,0.9950000000000001,0.004999999999999893
2010-04-28 19:27:00,0.91,6.84,5.87,4.62,4.21,3.56,6.04,30.4,0.0,128,0.9150000000000001,0.0050000000000001155
2010-04-28 19:57:00,0.91,7.26,6.2,4.83,4.4,3.7,6.36,30.05,0.0,128,0.9100000000000001,1.1102230246251565e-16
2010-04-28 20:57:00,0.87,6.95,5.94,4.71,4.33,3.71,6.46,30.3,0.0,128,0.8700000000000001,1.1102230246251565e-16
2010-04-28 21:57:00,0.81,7.32,6.27,4.92,4.49,3.77,6.55,30.3,0.0,128,0.8050000000000002,0.004999999999999893
2010-04-28 23:27:00,0.73,8.05,6.9,5.24,4.71,3.87,6.76,29.8,0.0,128,0.7300000000000001,1.1102230246251565e-16
2010-04-29 03:27:00,0.74,7.96,6.8,5.22,4.72,3.94,6.96,30.05,0.0,128,0.7400000000000001,1.1102230246251565e-16
2010-04-29 03:57:00,0.74,9.3,7.88,5.61,4.91,3.89,6.74,30.0,0.0,128,0.7400000000000001,1.1102230246251565e-16
2010-04-29 07:27:00,0.72,8.64,7.22,5.07,4.43,3.48,5.66,30.4,0.0,128,0.7100000000000001,0.009999999999999898
2010-04-29 07:57:00,0.72,9.17,7.58,4.99,4.25,3.24,5.12,30.35,0.0,128,0.7200000000000001,1.1102230246251565e-16
2010-04-29 08:57:00,0.75,8.35,6.74,4.36,3.75,2.94,4.55,30.35,0.0,128,0.7500000000000001,1.1102230246251565e-16
2010-04-29 09:27:00,0.75,8.66,6.9,4.3,3.68,2.89,4.45,30.2,0.0,128,0.7500000000000001,1.1102230246251565e-16
2010-04-29 10:27:00,0.73,8.58,6.77,4.12,3.54,2.81,4.34,30.25,0.0,128,0.7300000000000001,1.1102230246251565e-16
2010-04-29 11:27:00,0.81,8.75,6.92,4.25,3.65,2.89,4.5,30.55,0.0,128,0.8000000000000002,0.009999999999999898
2010-04-29 13:57:00,0.77,8.48,6.85,4.46,3.88,3.1,4.94,30.3,0.0,128,0.7650000000000001,0.004999999999999893
2010-04-29 14:27:00,0.78,9.97,8.14,4.97,4.18,3.2,5.14,30.2,0.0,128,0.7750000000000001,0.004999999999999893
2010-04-29 15:57:00,0.81,9.1,7.53,5.0,4.33,3.42,5.66,29.95,0.0,128,0.8000000000000002,0.009999999999999898
2010-04-29 16:27:00,0.81,9.34,7.7,5.07,4.38,3.45,5.74,29.85,0.0,128,0.8100000000000002,1.1102230246251565e-16
2010-04-29 16:57:00,0.82,8.67,7.18,4.99,4.39,3.52,5.88,29.8,0.0,128,0.8150000000000002,0.004999999999999782
2010-04-29 17:57:00,0.75,8.69,7.2,4.98,4.37,3.51,5.86,29.7,0.0,128,0.7500000000000001,1.1102230246251565e-16
2010-04-29 18:57:00,0.8,10.09,8.39,5.46,4.67,3.61,6.09,29.5,0.0,128,0.7950000000000002,0.004999999999999893
2010-04-29 19:27:00,0.8,9.14,7.63,5.29,4.63,3.7,6.31,29.4,0.0,128,0.8000000000000002,1.1102230246251565e-16
2010-04-29 19:57:00,0.8,10.31,8.62,5.69,4.87,3.78,6.5,29.25,0.0,128,0.8000000000000002,1.1102230246251565e-16
2010-04-29 20:27:00,0.79,9.36,7.83,5.36,4.67,3.71,6.37,29.3,0.0,128,0.7950000000000002,0.0050000000000001155
2010-04-29 20:57:00,0.79,10.28,8.6,5.65,4.82,3.7,6.26,29.3,0.0,128,0.7900000000000001,1.1102230246251565e-16
2010-04-30 01:27:00,0.76,11.83,10.55,7.31,6.03,4.32,7.57,29.85,0.0,128,0.7650000000000001,0.0050000000000001155
2010-04-30 05:27:00,0.79,10.96,9.58,6.64,5.63,4.24,7.55,30.25,0.0,128,0.7850000000000001,0.004999999999999893
2010-04-30 06:27:00,0.77,10.41,9.05,6.37,5.46,4.19,7.44,30.45,0.0,128,0.7700000000000001,1.1102230246251565e-16
2010-04-30 09:27:00,0.87,9.86,8.14,4.89,4.05,3.04,4.76,29.95,0.0,128,0.8600000000000001,0.009999999999999898
2010-04-30 10:57:00,0.98,9.9,8.12,4.86,4.08,3.13,5.03,29.6,0.0,128,0.9850000000000001,0.0050000000000001155
2010-04-30 11:27:00,0.98,9.5,7.74,4.74,4.04,3.17,5.15,29.6,0.0,128,0.9800000000000001,1.1102230246251565e-16
2010-04-30 11:57:00,1.0,8.24,6.61,4.39,3.88,3.2,5.24,29.6,0.0,128,0.9900000000000001,0.009999999999999898
2010-04-30 13:27:00,1.04,8.92,7.16,4.54,3.94,3.16,5.11,29.85,0.0,128,1.04,0.0
2010-04-30 13:57:00,1.04,9.95,8.23,5.09,4.29,3.29,5.34,29.85,0.0,128,1.04,0.0
