2010-03-23 03:27:00	0.48	24.01	23.59	22.45	21.49	18.37	54.91	27.40	0.00	0.00	0.44	-0.03	0.09	3.00	17.00	73.28	209.53	22.24
2010-03-23 06:27:00	0.64	6.82	5.82	4.64	4.27	3.64	6.23	30.35	0.00	140.00	0.42	-0.07	0.15	3.00	16.98	73.26	181.41	22.54
2010-03-23 06:57:00	0.68	6.29	5.47	4.53	4.21	3.63	6.19	30.45	0.00	140.00	0.42	-0.04	0.08	3.00	16.98	73.26	181.41	22.98
2010-03-23 07:27:00	0.66	6.58	5.67	4.59	4.22	3.58	6.04	30.45	0.00	141.00	0.42	-0.06	0.05	3.00	16.98	73.26	213.75	23.03
2010-03-23 07:57:00	0.69	6.53	5.58	4.47	4.09	3.46	5.73	30.45	0.00	141.00	0.42	-0.07	0.04	3.00	16.98	73.26	230.62	22.94
2010-03-23 08:27:00	0.68	6.56	5.56	4.38	3.99	3.34	5.45	30.50	0.00	140.00	0.42	-0.06	0.04	3.00	16.98	73.26	185.62	22.90
2010-03-23 08:57:00	0.69	6.46	5.43	4.23	3.84	3.21	5.18	30.50	0.00	140.00	0.42	-0.04	0.05	3.00	16.98	73.26	206.72	22.81
2010-03-23 09:27:00	0.73	6.17	5.15	4.01	3.65	3.10	4.96	30.50	0.00	140.00	0.42	-0.02	0.08	3.00	16.98	73.26	227.81	22.50
2010-03-23 09:57:00	0.72	6.45	5.34	4.06	3.69	3.11	5.00	30.45	0.00	140.00	0.42	-0.02	0.10	3.00	16.98	73.26	233.44	22.32
2010-03-23 10:27:00	0.78	5.87	4.90	3.84	3.53	3.04	4.85	30.40	0.00	139.00	0.42	-0.02	0.12	3.00	16.98	73.26	247.50	22.24
2010-03-23 10:57:00	0.76	6.12	4.96	3.77	3.45	2.96	4.71	30.35	0.00	139.00	0.42	-0.02	0.10	3.00	16.98	73.26	291.09	22.28
2010-03-23 11:27:00	0.77	6.04	4.99	3.86	3.55	3.05	4.90	30.30	0.00	139.00	0.42	-0.01	0.10	3.00	16.98	73.26	215.16	22.10
2010-03-23 11:57:00	0.80	5.90	4.92	3.91	3.61	3.12	5.05	30.25	0.00	139.00	0.42	-0.02	0.11	3.00	16.98	73.26	262.97	22.28
2010-03-23 12:27:00	0.77	6.95	5.48	3.98	3.62	3.07	4.91	30.20	0.00	139.00	0.42	-0.02	0.09	3.00	16.98	73.26	286.88	22.15
2010-03-23 12:57:00	0.80	6.10	5.01	3.87	3.56	3.06	4.92	30.10	0.00	139.00	0.42	-0.02	0.11	3.00	16.98	73.26	260.16	21.97
2010-03-23 13:27:00	0.81	5.82	4.79	3.73	3.44	2.98	4.75	30.10	0.00	139.00	0.42	-0.04	0.13	3.00	16.98	73.26	281.25	22.10
2010-03-23 13:57:00	0.85	6.03	4.86	3.76	3.47	3.02	4.85	30.10	0.00	138.00	0.42	-0.03	0.12	3.00	16.98	73.26	237.66	22.02
2010-03-23 14:27:00	0.93	5.71	4.77	3.83	3.56	3.11	5.05	30.05	0.00	138.00	0.42	-0.05	0.14	3.00	16.98	73.26	246.09	21.93
2010-03-23 14:57:00	0.93	5.83	4.78	3.81	3.54	3.11	5.05	30.05	0.00	137.00	0.42	-0.09	0.15	3.00	16.98	73.26	270.00	21.97
2010-03-23 15:27:00	0.97	5.83	4.87	3.95	3.68	3.23	5.32	30.00	0.00	137.00	0.42	-0.09	0.15	3.00	16.98	73.26	226.41	22.02
2010-03-23 15:57:00	0.89	5.82	4.85	3.86	3.57	3.09	4.99	29.95	0.00	136.00	0.42	-0.12	0.14	3.00	16.98	73.26	275.62	22.10
2010-03-23 16:27:00	0.96	6.21	5.12	4.05	3.75	3.26	5.37	29.95	0.00	136.00	0.42	-0.13	0.12	3.00	16.98	73.26	268.59	22.24
2010-03-23 16:57:00	0.90	6.21	5.08	3.97	3.66	3.15	5.09	29.90	0.00	135.00	0.42	-0.14	0.11	3.00	16.98	73.26	260.16	22.02
2010-03-23 17:27:00	0.84	7.22	5.67	4.05	3.66	3.07	4.89	29.90	0.00	135.00	0.42	-0.12	0.14	3.00	16.98	73.26	264.38	21.97
2010-03-23 17:57:00	0.85	7.14	5.65	4.10	3.72	3.14	5.06	29.95	0.00	135.00	0.42	-0.11	0.15	3.00	16.98	73.26	257.34	21.97
2010-03-23 18:27:00	0.78	6.60	5.29	3.90	3.53	2.98	4.68	29.85	0.00	134.00	0.42	-0.10	0.15	3.00	16.98	73.26	288.28	21.97
2010-03-23 18:57:00	0.81	7.07	5.62	4.03	3.64	3.04	4.83	29.80	0.00	134.00	0.42	-0.09	0.15	3.00	16.98	73.26	261.56	21.93
2010-03-23 19:27:00	0.84	6.62	5.22	3.85	3.52	3.02	4.81	29.75	0.00	134.00	0.42	-0.09	0.15	3.00	16.98	73.26	286.88	21.97
2010-03-23 19:57:00	0.89	7.68	5.95	4.03	3.61	3.03	4.84	29.65	0.00	134.00	0.42	-0.08	0.15	3.00	16.98	73.26	257.34	21.97
2010-03-23 20:27:00	0.82	6.50	5.22	3.87	3.52	3.00	4.77	29.60	0.00	133.00	0.42	-0.07	0.15	3.00	16.98	73.26	282.66	21.97
2010-03-23 20:57:00	0.86	7.69	5.94	4.03	3.62	3.02	4.80	29.60	0.00	133.00	0.42	-0.06	0.15	3.00	16.98	73.26	251.72	21.97
2010-03-23 21:27:00	0.84	7.56	5.83	3.98	3.58	3.01	4.78	29.60	0.00	133.00	0.41	-0.07	0.15	3.00	16.98	73.26	272.81	21.97
2010-03-23 21:57:00	0.83	7.10	5.64	4.05	3.67	3.09	4.96	29.55	0.00	133.00	0.42	-0.08	0.15	3.00	16.98	73.26	317.81	21.97
2010-03-23 22:27:00	0.79	7.31	5.81	4.20	3.80	3.20	5.20	29.50	0.00	133.00	0.42	-0.06	0.15	3.00	16.98	73.26	300.94	22.02
2010-03-23 22:57:00	0.78	7.56	6.01	4.31	3.89	3.27	5.34	29.50	0.00	132.00	0.41	-0.07	0.15	3.00	16.98	73.26	277.03	21.97
2010-03-23 23:27:00	0.79	7.69	6.22	4.51	4.08	3.43	5.73	29.50	0.00	132.00	0.41	-0.08	0.15	3.00	16.98	73.26	275.62	22.02
2010-03-23 23:57:00	0.73	7.66	6.11	4.40	3.99	3.38	5.65	29.50	0.00	132.00	0.41	-0.07	0.15	3.00	16.98	73.26	291.09	22.06
2010-03-24 00:27:00	0.74	7.95	6.40	4.54	4.09	3.42	5.74	29.50	0.00	132.00	0.41	-0.07	0.15	3.00	16.98	73.26	302.34	22.10
2010-03-24 00:57:00	0.74	7.94	6.41	4.60	4.15	3.49	5.90	29.50	0.00	132.00	0.41	-0.05	0.14	3.00	16.98	73.26	296.72	22.32
2010-03-24 01:27:00	0.71	8.15	6.64	4.76	4.27	3.55	6.01	29.50	0.00	132.00	0.41	-0.04	0.14	3.00	16.98	73.26	344.53	22.68
2010-03-24 01:57:00	0.71	8.85	7.23	5.01	4.44	3.61	6.11	29.55	0.00	132.00	0.41	-0.03	0.10	3.00	16.98	73.26	331.88	22.76
2010-03-24 02:27:00	0.70	9.25	7.57	5.14	4.53	3.66	6.28	29.50	0.00	132.00	0.41	-0.03	0.07	3.00	16.98	73.26	16.88	22.81
2010-03-24 02:57:00	0.70	9.47	7.77	5.36	4.74	3.85	6.73	29.55	0.00	132.00	0.41	-0.06	0.05	3.00	16.98	73.26	4.22	22.85
2010-03-24 03:27:00	0.71	8.76	7.23	5.14	4.59	3.79	6.61	29.55	0.00	132.00	0.41	-0.04	0.05	3.00	16.98	73.26	331.88	22.81
2010-03-24 03:57:00	0.68	9.65	8.01	5.51	4.83	3.87	6.77	29.60	0.00	133.00	0.41	-0.04	0.06	3.00	16.98	73.26	9.84	22.76
2010-03-24 04:27:00	0.68	9.19	7.58	5.31	4.71	3.83	6.68	29.70	0.00	133.00	0.41	-0.06	0.04	3.00	16.98	73.26	70.31	22.81
2010-03-24 04:57:00	0.70	9.92	8.25	5.58	4.88	3.90	6.85	29.80	0.00	133.00	0.41	-0.08	0.06	3.00	16.98	73.26	7.03	22.37
2010-03-24 05:27:00	0.69	10.16	8.50	5.69	4.92	3.87	6.74	29.90	0.00	133.00	0.41	-0.07	0.10	3.00	16.98	73.26	178.59	22.15
2010-03-24 05:57:00	0.64	10.17	8.45	5.54	4.75	3.70	6.30	30.10	0.00	133.00	0.41	-0.05	0.12	3.00	16.98	73.26	135.00	22.81
2010-03-24 06:27:00	0.65	9.67	8.09	5.54	4.81	3.78	6.46	30.10	0.00	133.00	0.41	-0.12	0.09	3.00	16.98	73.26	198.28	22.85
2010-03-24 06:57:00	0.67	10.32	8.75	5.88	5.01	3.83	6.54	30.25	0.00	133.00	0.41	-0.07	0.07	3.00	16.98	73.26	144.84	22.59
2010-03-24 07:27:00	0.69	10.88	9.32	6.20	5.20	3.86	6.51	30.25	0.00	133.00	0.41	-0.03	0.07	3.00	16.98	73.26	192.66	22.81
2010-03-24 07:57:00	0.72	11.13	9.52	6.21	5.17	3.79	6.34	30.30	0.00	134.00	0.41	-0.04	0.06	3.00	16.98	73.26	192.66	22.94
2010-03-24 08:27:00	0.68	10.01	8.34	5.40	4.54	3.38	5.39	30.30	0.00	134.00	0.41	-0.06	0.04	3.00	16.98	73.26	219.38	22.98
2010-03-24 08:57:00	0.74	10.52	8.78	5.36	4.37	3.13	4.83	30.35	0.00	134.00	0.41	-0.06	0.04	3.00	16.98	73.26	232.03	22.98
2010-03-24 09:27:00	0.73	10.31	8.51	5.00	4.06	2.95	4.52	30.30	0.00	134.00	0.41	-0.05	0.04	3.00	16.98	73.26	137.81	22.94
2010-03-24 09:57:00	0.80	10.76	8.95	5.16	4.14	2.96	4.54	30.25	0.00	134.00	0.41	-0.06	0.04	3.00	16.98	73.26	187.03	23.03
2010-03-24 10:27:00	0.81	10.27	8.46	4.97	4.07	3.00	4.67	30.25	0.00	134.00	0.41	-0.10	0.04	3.00	16.98	73.26	234.84	22.90
2010-03-24 10:57:00	0.77	9.01	7.31	4.61	3.92	3.04	4.79	30.20	0.00	134.00	0.41	-0.07	0.03	3.00	16.98	73.26	215.16	22.63
2010-03-24 11:27:00	0.82	9.53	7.72	4.67	3.93	3.03	4.80	30.15	0.00	134.00	0.41	-0.05	0.04	3.00	16.98	73.26	198.28	22.50
2010-03-24 11:57:00	0.85	9.91	8.09	4.83	4.02	3.04	4.77	30.10	0.00	134.00	0.41	-0.04	0.05	3.00	16.98	73.26	202.50	22.28
2010-03-24 12:27:00	0.86	10.16	8.31	4.80	3.95	2.97	4.64	30.00	0.00	134.00	0.41	-0.02	0.08	3.00	16.98	73.26	282.66	22.46
2010-03-24 12:57:00	0.86	9.85	7.98	4.72	3.95	3.02	4.78	29.95	0.00	134.00	0.41	-0.03	0.06	3.00	16.98	73.26	244.69	22.28
2010-03-24 13:27:00	0.79	8.95	7.20	4.48	3.85	3.05	4.86	29.95	0.00	134.00	0.41	-0.03	0.07	3.00	16.98	73.26	253.12	22.32
2010-03-24 13:57:00	0.80	9.38	7.64	4.72	4.00	3.10	4.94	29.90	0.00	134.00	0.41	-0.03	0.07	3.00	16.98	73.26	250.31	22.28
2010-03-24 14:27:00	0.81	10.59	8.82	5.25	4.30	3.17	5.02	29.85	0.00	134.00	0.41	-0.02	0.10	3.00	16.98	73.26	244.69	22.19
2010-03-24 14:57:00	0.81	10.69	8.86	5.20	4.27	3.16	5.04	29.85	0.00	134.00	0.41	-0.03	0.10	3.00	16.98	73.26	253.12	22.15
2010-03-24 15:27:00	0.76	10.65	8.82	5.24	4.32	3.22	5.18	29.85	0.00	134.00	0.41	-0.03	0.11	3.00	16.98	73.26	271.41	22.24
2010-03-24 15:57:00	0.77	10.72	8.97	5.37	4.39	3.22	5.15	29.85	0.00	134.00	0.41	-0.03	0.10	3.00	16.98	73.26	260.16	22.32
2010-03-24 16:27:00	0.77	10.64	8.93	5.43	4.47	3.30	5.34	29.90	0.00	134.00	0.41	-0.03	0.09	3.00	16.98	73.26	277.03	22.37
2010-03-24 16:57:00	0.75	10.77	9.04	5.47	4.48	3.29	5.29	29.90	0.00	134.00	0.41	-0.02	0.09	3.00	16.98	73.26	289.69	22.46
2010-03-24 17:27:00	0.74	10.62	8.94	5.46	4.50	3.33	5.42	29.90	0.00	133.00	0.41	-0.02	0.08	3.00	16.98	73.26	307.97	22.46
2010-03-24 17:57:00	0.86	11.96	10.39	6.32	5.03	3.53	5.79	29.85	0.00	133.00	0.41	-0.02	0.11	3.00	16.98	73.26	299.53	22.15
2010-03-24 18:27:00	0.73	10.96	9.32	5.70	4.67	3.42	5.61	29.85	0.00	133.00	0.41	-0.03	0.13	3.00	16.98	73.26	306.56	22.54
2010-03-24 18:57:00	0.71	10.57	9.03	5.73	4.72	3.46	5.66	29.85	0.00	133.00	0.41	-0.02	0.09	3.00	16.98	73.26	262.97	22.68
2010-03-24 19:27:00	0.70	11.36	9.85	6.20	5.02	3.57	5.87	29.85	0.00	133.00	0.41	-0.02	0.09	3.00	16.98	73.26	336.09	22.81
2010-03-24 19:57:00	0.70	11.56	10.08	6.37	5.13	3.63	6.03	29.90	0.00	133.00	0.41	-0.03	0.07	3.00	16.98	73.26	61.88	22.85
2010-03-24 20:27:00	0.75	12.25	10.87	6.93	5.46	3.71	6.12	29.85	0.00	133.00	0.41	-0.04	0.06	3.00	16.98	73.26	310.78	22.81
2010-03-24 20:57:00	0.72	12.51	11.19	7.18	5.58	3.69	6.00	29.85	0.00	133.00	0.41	-0.03	0.07	3.00	16.98	73.26	337.50	22.85
2010-03-24 21:27:00	0.68	11.82	10.40	6.49	5.12	3.50	5.67	29.85	0.00	133.00	0.41	-0.03	0.11	3.00	16.98	73.26	320.62	22.94
2010-03-24 21:57:00	0.81	13.27	12.19	8.20	6.26	3.94	6.45	29.80	0.00	133.00	0.41	-0.03	0.07	3.00	16.98	73.26	26.72	23.07
2010-03-24 22:27:00	0.75	12.38	11.15	7.32	5.70	3.76	6.15	29.80	0.00	133.00	0.41	-0.03	0.08	3.00	16.98	73.26	338.91	23.25
2010-03-24 22:57:00	0.65	11.11	9.66	6.16	4.99	3.55	5.82	29.80	0.00	132.00	0.41	-0.04	0.06	3.00	16.98	73.26	358.59	23.25
2010-03-24 23:27:00	0.71	11.84	10.51	6.81	5.38	3.65	5.94	29.75	0.00	132.00	0.41	-0.04	0.06	3.00	16.98	73.26	45.00	23.29
2010-03-24 23:57:00	0.69	11.09	9.70	6.33	5.14	3.65	6.02	29.75	0.00	132.00	0.41	-0.03	0.07	3.00	16.98	73.26	19.69	23.25
2010-03-25 00:27:00	0.74	11.69	10.41	6.90	5.52	3.78	6.22	29.70	0.00	132.00	0.41	-0.04	0.06	3.00	16.98	73.26	53.44	23.29
2010-03-25 00:57:00	0.79	12.25	11.01	7.31	5.78	3.90	6.52	29.70	0.00	132.00	0.41	-0.04	0.06	3.00	16.98	73.26	64.69	23.20
2010-03-25 01:27:00	0.72	11.93	10.57	6.72	5.32	3.64	6.00	29.70	0.00	132.00	0.41	-0.04	0.05	3.00	16.98	73.26	30.94	23.25
2010-03-25 01:57:00	0.70	11.40	9.99	6.50	5.27	3.72	6.16	29.70	0.00	132.00	0.41	-0.03	0.07	3.00	16.98	73.26	18.28	23.29
2010-03-25 02:27:00	0.70	10.90	9.45	6.22	5.14	3.76	6.36	29.70	0.00	132.00	0.41	-0.03	0.07	3.00	16.98	73.26	345.94	23.20
2010-03-25 02:57:00	0.72	12.24	10.98	7.35	5.86	3.99	6.69	29.70	0.00	132.00	0.41	-0.04	0.06	3.00	16.98	73.26	324.84	23.03
2010-03-25 03:27:00	0.66	11.29	9.87	6.39	5.18	3.67	6.07	29.70	0.00	133.00	0.41	-0.03	0.07	3.00	16.98	73.26	336.09	22.98
2010-03-25 03:57:00	0.70	11.45	10.06	6.51	5.26	3.73	6.25	29.75	0.00	133.00	0.41	-0.03	0.09	3.00	16.98	73.26	355.78	22.81
2010-03-25 04:27:00	0.64	11.29	9.93	6.42	5.18	3.64	5.99	29.80	0.00	133.00	0.41	-0.06	0.10	3.00	16.98	73.26	358.59	22.50
2010-03-25 04:57:00	0.60	10.96	9.48	6.04	4.92	3.53	5.78	29.95	0.00	133.00	0.41	-0.07	0.07	3.00	16.98	73.26	274.22	22.81
2010-03-25 05:27:00	0.61	10.53	9.12	6.00	4.96	3.63	6.02	30.25	0.00	133.00	0.41	-0.07	0.15	3.00	16.98	73.26	147.66	22.90
2010-03-25 05:57:00	0.61	11.04	9.71	6.45	5.26	3.75	6.24	30.35	0.00	133.00	0.41	-0.14	0.10	3.00	16.98	73.26	113.91	22.90
2010-03-25 06:27:00	0.62	11.42	10.08	6.57	5.29	3.70	6.13	30.45	0.00	133.00	0.41	-0.12	0.05	3.00	16.98	73.26	163.12	23.07
2010-03-25 06:57:00	0.65	11.50	10.23	6.77	5.43	3.76	6.23	30.50	0.00	133.00	0.41	-0.09	0.04	3.00	16.98	73.26	147.66	22.85
2010-03-25 07:27:00	0.62	11.19	9.84	6.47	5.24	3.70	6.11	30.55	0.00	133.00	0.41	-0.07	0.04	3.00	16.98	73.26	164.53	22.81
2010-03-25 07:57:00	0.70	11.97	10.74	7.23	5.78	3.95	6.61	30.50	0.00	133.00	0.41	-0.06	0.04	3.00	16.98	73.26	198.28	22.76
2010-03-25 08:27:00	0.62	11.27	9.90	6.46	5.22	3.67	6.03	30.50	0.00	133.00	0.41	-0.06	0.04	3.00	16.98	73.26	203.91	22.81
2010-03-25 08:57:00	0.62	11.18	9.92	6.57	5.27	3.63	5.87	30.50	0.00	133.00	0.41	-0.06	0.05	3.00	16.98	73.26	182.81	22.81
2010-03-25 09:27:00	0.66	11.08	9.70	6.00	4.69	3.16	4.82	30.40	0.00	133.00	0.41	-0.06	0.04	3.00	16.98	73.26	230.62	22.94
2010-03-25 09:57:00	0.65	9.72	8.12	4.90	3.98	2.89	4.37	30.40	0.00	133.00	0.41	-0.06	0.03	3.00	16.98	73.26	239.06	23.12
2010-03-25 10:27:00	0.71	9.84	8.22	4.93	4.02	2.94	4.52	30.30	0.00	133.00	0.41	-0.10	0.03	3.00	16.98	73.26	233.44	23.16
2010-03-25 10:57:00	0.70	9.24	7.58	4.56	3.81	2.90	4.48	30.25	0.00	133.00	0.41	-0.08	0.04	3.00	16.98	73.26	189.84	22.90
2010-03-25 11:27:00	0.72	9.14	7.54	4.60	3.87	2.97	4.68	30.20	0.00	133.00	0.41	-0.05	0.05	3.00	16.98	73.26	262.97	22.90
2010-03-25 11:57:00	0.75	9.10	7.40	4.44	3.75	2.93	4.59	30.15	0.00	134.00	0.41	-0.04	0.05	3.00	16.98	73.26	203.91	23.03
2010-03-25 12:27:00	0.75	9.06	7.32	4.37	3.71	2.90	4.53	30.05	0.00	134.00	0.41	-0.06	0.04	3.00	16.98	73.26	230.62	22.98
2010-03-25 12:57:00	0.74	8.63	6.94	4.25	3.64	2.90	4.55	30.05	0.00	134.00	0.41	-0.04	0.05	3.00	16.98	73.26	251.72	23.07
2010-03-25 13:27:00	0.78	9.31	7.58	4.54	3.83	2.96	4.64	29.95	0.00	134.00	0.41	-0.04	0.05	3.00	16.98	73.26	185.62	22.76
2010-03-25 13:57:00	0.73	8.34	6.64	4.15	3.60	2.90	4.55	29.95	0.00	134.00	0.41	-0.03	0.06	3.00	16.98	73.26	257.34	22.46
2010-03-25 14:27:00	0.79	8.69	7.02	4.37	3.77	3.01	4.79	29.90	0.00	133.00	0.41	-0.03	0.07	3.00	16.98	73.26	258.75	22.24
2010-03-25 14:57:00	0.73	8.08	6.50	4.18	3.64	2.94	4.63	29.85	0.00	133.00	0.41	-0.03	0.10	3.00	16.98	73.26	271.41	22.15
2010-03-25 15:27:00	0.73	8.94	7.17	4.33	3.69	2.89	4.50	29.80	0.00	133.00	0.41	-0.03	0.11	3.00	16.98	73.26	278.44	22.24
2010-03-25 15:57:00	0.70	8.24	6.61	4.22	3.67	2.96	4.67	29.80	0.00	133.00	0.41	-0.03	0.10	3.00	16.98	73.26	243.28	22.32
2010-03-25 16:27:00	0.77	9.30	7.61	4.66	3.94	3.05	4.83	29.75	0.00	133.00	0.40	-0.03	0.08	3.00	16.98	73.26	257.34	22.37
2010-03-25 16:57:00	0.75	8.64	6.93	4.31	3.72	2.97	4.68	29.75	0.00	133.00	0.40	-0.03	0.07	3.00	16.98	73.26	254.53	22.41
2010-03-25 17:27:00	0.71	8.39	6.72	4.24	3.67	2.94	4.62	29.75	0.00	133.00	0.40	-0.03	0.07	3.00	16.98	73.26	267.19	22.46
2010-03-25 17:57:00	0.72	8.45	6.85	4.39	3.80	3.04	4.83	29.75	0.00	133.00	0.40	-0.03	0.08	3.00	16.98	73.26	324.84	22.54
2010-03-25 18:27:00	0.72	8.35	6.73	4.33	3.77	3.05	4.89	29.75	0.00	133.00	0.40	-0.03	0.08	3.00	16.98	73.26	292.50	22.50
2010-03-25 18:57:00	0.74	9.06	7.49	4.77	4.07	3.19	5.17	29.75	0.00	133.00	0.40	-0.03	0.08	3.00	16.98	73.26	240.47	22.68
2010-03-25 19:27:00	0.63	7.74	6.29	4.23	3.74	3.07	4.96	29.90	0.00	133.00	0.40	-0.04	0.05	3.00	16.98	73.26	289.69	22.68
2010-03-25 19:57:00	0.68	8.79	7.26	4.69	4.02	3.17	5.11	29.90	0.00	133.00	0.40	-0.04	0.06	3.00	16.98	73.26	323.44	22.72
2010-03-25 20:27:00	0.65	8.64	7.12	4.63	4.00	3.19	5.17	29.85	0.00	133.00	0.40	-0.03	0.07	3.00	16.98	73.26	316.41	22.81
2010-03-25 20:57:00	0.68	9.06	7.51	4.81	4.11	3.21	5.22	29.85	0.00	133.00	0.40	-0.03	0.07	3.00	16.98	73.26	317.81	22.76
2010-03-25 21:27:00	0.65	9.11	7.54	4.79	4.08	3.18	5.12	29.85	0.00	133.00	0.40	-0.03	0.06	3.00	16.98	73.26	258.75	22.85
2010-03-25 21:57:00	0.67	9.04	7.56	4.90	4.18	3.24	5.26	29.80	0.00	133.00	0.40	-0.03	0.08	3.00	16.98	73.26	327.66	22.85
2010-03-25 22:27:00	0.65	9.11	7.64	4.93	4.17	3.21	5.18	29.80	0.00	133.00	0.40	-0.03	0.07	3.00	16.98	73.26	323.44	22.90
2010-03-25 22:57:00	0.65	9.01	7.51	4.85	4.12	3.18	5.10	29.75	0.00	133.00	0.40	-0.03	0.07	3.00	16.98	73.26	315.00	22.72
2010-03-25 23:27:00	0.61	8.18	6.76	4.56	3.96	3.15	5.03	29.70	0.00	133.00	0.40	-0.04	0.05	3.00	16.98	73.26	279.84	22.76
2010-03-25 23:57:00	0.62	8.14	6.63	4.31	3.72	2.95	4.59	29.70	0.00	132.00	0.40	-0.04	0.05	3.00	16.98	73.26	241.88	22.68
2010-03-26 00:27:00	0.66	8.57	7.13	4.69	4.02	3.13	4.98	29.65	0.00	132.00	0.40	-0.07	0.03	3.00	16.98	73.26	289.69	22.54
2010-03-26 00:57:00	0.66	9.61	8.05	5.05	4.24	3.24	5.25	29.60	0.00	132.00	0.40	-0.10	0.04	3.00	16.98	73.26	244.69	22.59
2010-03-26 01:27:00	0.62	8.64	7.14	4.68	4.03	3.18	5.13	29.60	0.00	132.00	0.40	-0.08	0.03	3.00	16.98	73.26	341.72	22.63
2010-03-26 01:57:00	0.66	9.46	7.93	5.02	4.23	3.24	5.25	29.60	0.00	132.00	0.40	-0.03	0.06	3.00	16.98	73.26	307.97	22.63
2010-03-26 02:27:00	0.60	9.12	7.65	5.03	4.30	3.35	5.52	29.55	0.00	132.00	0.40	-0.02	0.08	3.00	16.98	73.26	295.31	22.63
2010-03-26 02:57:00	0.63	9.61	8.12	5.25	4.43	3.38	5.53	29.50	0.00	132.00	0.40	-0.04	0.06	3.00	16.98	73.26	320.62	22.72
2010-03-26 03:27:00	0.63	9.13	7.64	4.99	4.26	3.32	5.44	29.50	0.00	133.00	0.40	-0.04	0.05	3.00	16.98	73.26	1.41	22.98
2010-03-26 03:57:00	0.67	9.84	8.43	5.56	4.69	3.56	5.97	29.50	0.00	133.00	0.40	-0.05	0.05	3.00	16.98	73.26	4.22	23.20
2010-03-26 04:27:00	0.64	8.95	7.54	5.06	4.36	3.44	5.72	29.70	0.00	133.00	0.40	-0.03	0.08	3.00	16.98	73.26	319.22	23.16
2010-03-26 04:57:00	0.62	9.09	7.59	5.06	4.37	3.45	5.76	29.85	0.00	133.00	0.40	-0.03	0.08	3.00	16.98	73.26	352.97	23.03
2010-03-26 05:27:00	0.60	8.80	7.38	4.98	4.32	3.44	5.77	30.00	0.00	133.00	0.40	-0.04	0.06	3.00	16.98	73.26	331.88	22.68
2010-03-26 05:57:00	0.65	9.73	8.35	5.49	4.62	3.51	5.83	30.15	0.00	133.00	0.40	-0.03	0.07	3.00	16.98	73.26	257.34	22.37
2010-03-26 06:27:00	0.59	9.22	7.77	5.18	4.44	3.47	5.77	30.55	0.00	133.00	0.40	-0.03	0.08	3.00	16.98	73.26	258.75	22.28
2010-03-26 06:57:00	0.67	10.13	8.74	5.74	4.80	3.60	6.03	30.45	0.00	133.00	0.40	-0.03	0.10	3.00	16.98	73.26	289.69	22.32
2010-03-26 07:27:00	0.58	8.61	7.27	5.01	4.34	3.43	5.68	30.50	0.00	133.00	0.40	-0.03	0.08	3.00	16.98	73.26	203.91	22.15
2010-03-26 07:57:00	0.61	9.37	8.00	5.23	4.37	3.26	5.17	30.50	0.00	133.00	0.40	-0.03	0.09	3.00	16.98	73.26	246.09	22.24
2010-03-26 08:27:00	0.64	8.97	7.43	4.66	3.92	2.99	4.64	30.45	0.00	133.00	0.40	-0.03	0.07	3.00	16.98	73.26	202.50	22.50
2010-03-26 08:57:00	0.67	8.92	7.42	4.57	3.81	2.90	4.47	30.40	0.00	133.00	0.40	-0.05	0.04	3.00	16.98	73.26	215.16	22.41
2010-03-26 09:27:00	0.68	9.13	7.69	4.78	3.96	2.97	4.61	30.40	0.00	133.00	0.40	-0.03	0.06	3.00	16.98	73.26	177.19	22.50
2010-03-26 09:57:00	0.68	8.55	7.09	4.45	3.77	2.91	4.52	30.35	0.00	133.00	0.40	-0.03	0.06	3.00	16.98	73.26	232.03	22.54
2010-03-26 10:27:00	0.69	9.29	7.78	4.71	3.90	2.93	4.56	30.35	0.00	133.00	0.40	-0.03	0.07	3.00	16.98	73.26	277.03	22.63
2010-03-26 10:57:00	0.71	8.71	7.07	4.25	3.61	2.82	4.36	30.20	0.00	133.00	0.40	-0.03	0.09	3.00	16.98	73.26	203.91	22.76
2010-03-26 11:27:00	0.70	8.73	7.09	4.28	3.62	2.83	4.36	30.15	0.00	133.00	0.40	-0.03	0.07	3.00	16.98	73.26	233.44	22.98
2010-03-26 11:57:00	0.71	7.78	6.26	4.04	3.53	2.88	4.51	30.15	0.00	133.00	0.40	-0.04	0.05	3.00	16.98	73.26	270.00	22.90
2010-03-26 12:27:00	0.75	7.99	6.47	4.17	3.64	2.95	4.67	30.10	0.00	133.00	0.40	-0.04	0.06	3.00	16.98	73.26	233.44	22.90
2010-03-26 12:57:00	0.73	7.86	6.42	4.20	3.66	2.96	4.68	30.10	0.00	133.00	0.40	-0.04	0.06	3.00	16.98	73.26	244.69	22.76
2010-03-26 13:27:00	0.73	8.33	6.78	4.30	3.71	2.96	4.65	30.05	0.00	133.00	0.40	-0.05	0.04	3.00	16.98	73.26	261.56	22.59
2010-03-26 13:57:00	0.78	7.87	6.37	4.15	3.63	2.95	4.65	30.00	0.00	133.00	0.40	-0.05	0.04	3.00	16.98	73.26	278.44	22.46
2010-03-26 14:27:00	0.81	7.89	6.37	4.14	3.63	2.96	4.70	30.00	0.00	133.00	0.40	-0.03	0.07	3.00	16.98	73.26	262.97	22.41
2010-03-26 14:57:00	0.84	7.80	6.34	4.26	3.76	3.09	4.97	29.95	0.00	133.00	0.40	-0.03	0.08	3.00	16.98	73.26	307.97	22.24
2010-03-26 15:27:00	0.85	7.13	5.76	4.03	3.61	3.03	4.86	29.90	0.00	133.00	0.40	-0.03	0.10	3.00	16.98	73.26	213.75	22.19
2010-03-26 15:57:00	0.90	7.58	6.14	4.21	3.75	3.11	5.03	29.85	0.00	133.00	0.40	-0.03	0.09	3.00	16.98	73.26	271.41	22.24
2010-03-26 16:27:00	0.91	6.98	5.75	4.20	3.81	3.22	5.29	29.75	0.00	133.00	0.40	-0.03	0.10	3.00	16.98	73.26	244.69	22.24
2010-03-26 16:57:00	0.83	7.71	6.25	4.27	3.79	3.11	4.99	29.70	0.00	133.00	0.40	-0.03	0.09	3.00	16.98	73.26	248.91	22.15
2010-03-26 17:27:00	0.81	6.52	5.38	4.03	3.67	3.12	5.02	29.70	0.00	133.00	0.40	-0.06	0.14	3.00	16.98	73.26	277.03	22.02
2010-03-26 17:57:00	0.86	7.28	5.99	4.30	3.86	3.22	5.23	29.70	0.00	133.00	0.40	-0.06	0.14	3.00	16.98	73.26	247.50	22.10
2010-03-26 18:27:00	0.84	7.24	5.93	4.28	3.87	3.26	5.37	29.70	0.00	133.00	0.40	-0.05	0.13	3.00	16.98	73.26	248.91	22.10
2010-03-26 18:57:00	0.84	7.54	6.22	4.37	3.87	3.17	5.10	29.70	0.00	133.00	0.40	-0.05	0.14	3.00	16.98	73.26	268.59	22.06
2010-03-26 19:27:00	0.81	7.15	5.87	4.22	3.79	3.16	5.11	29.70	0.00	133.00	0.40	-0.06	0.14	3.00	16.98	73.26	264.38	22.02
2010-03-26 19:57:00	0.80	7.70	6.29	4.31	3.80	3.10	4.94	29.75	0.00	133.00	0.40	-0.05	0.14	3.00	16.98	73.26	250.31	22.10
2010-03-26 20:27:00	0.79	6.87	5.61	4.07	3.67	3.07	4.90	29.70	0.00	133.00	0.40	-0.04	0.12	3.00	16.98	73.26	309.38	22.06
2010-03-26 20:57:00	0.80	7.49	6.11	4.21	3.74	3.07	4.92	29.65	0.00	133.00	0.40	-0.05	0.13	3.00	16.98	73.26	244.69	22.15
2010-03-26 21:27:00	0.75	7.05	5.75	4.07	3.63	3.01	4.77	29.60	0.00	133.00	0.40	-0.04	0.12	3.00	16.98	73.26	307.97	22.19
2010-03-26 21:57:00	0.76	7.40	6.11	4.34	3.88	3.22	5.27	29.60	0.00	133.00	0.40	-0.04	0.13	3.00	16.98	73.26	295.31	22.19
2010-03-26 22:27:00	0.74	7.40	6.14	4.42	3.96	3.29	5.41	29.55	0.00	133.00	0.40	-0.03	0.12	3.00	16.98	73.26	324.84	22.59
2010-03-26 22:57:00	0.78	8.09	6.79	4.76	4.20	3.43	5.75	29.55	0.00	133.00	0.40	-0.03	0.09	3.00	16.98	73.26	229.22	22.72
2010-03-26 23:27:00	0.77	7.90	6.55	4.63	4.13	3.41	5.70	29.50	0.00	133.00	0.40	-0.03	0.08	3.00	16.98	73.26	313.59	22.94
2010-03-26 23:57:00	0.74	8.19	6.88	4.80	4.22	3.41	5.65	29.50	0.00	132.00	0.40	-0.03	0.07	3.00	16.98	73.26	334.69	22.98
2010-03-27 00:27:00	0.69	7.61	6.34	4.55	4.07	3.37	5.59	29.50	0.00	132.00	0.40	-0.09	0.04	3.00	16.98	73.26	291.09	22.94
2010-03-27 00:57:00	0.70	8.33	6.95	4.79	4.22	3.42	5.71	29.35	0.00	132.00	0.40	-0.11	0.04	3.00	16.98	73.26	47.81	22.98
2010-03-27 01:27:00	0.70	7.96	6.62	4.72	4.21	3.48	5.86	29.35	0.00	132.00	0.40	-0.08	0.04	3.00	16.98	73.26	25.31	23.03
2010-03-27 01:57:00	0.69	8.23	6.85	4.78	4.22	3.45	5.78	29.35	0.00	132.00	0.40	-0.05	0.05	3.00	16.98	73.26	23.91	23.25
2010-03-27 02:27:00	0.71	8.69	7.38	5.09	4.43	3.51	5.88	29.35	0.00	132.00	0.40	-0.03	0.10	3.00	16.98	73.26	351.56	23.47
2010-03-27 02:57:00	0.68	8.36	6.99	4.86	4.29	3.47	5.83	29.35	0.00	132.00	0.40	-0.03	0.10	3.00	16.98	73.26	18.28	23.33
2010-03-27 03:27:00	0.69	8.48	7.11	4.93	4.33	3.51	5.91	29.35	0.00	133.00	0.40	-0.04	0.06	3.00	16.98	73.26	343.12	23.29
2010-03-27 03:57:00	0.71	8.53	7.14	4.93	4.33	3.50	5.92	29.45	0.00	133.00	0.40	-0.04	0.05	3.00	16.98	73.26	0.00	23.20
2010-03-27 04:27:00	0.65	7.96	6.68	4.81	4.29	3.54	6.02	29.65	0.00	133.00	0.40	-0.06	0.04	3.00	16.98	73.26	2.81	23.03
2010-03-27 04:57:00	0.65	8.97	7.49	5.02	4.36	3.46	5.77	29.80	0.00	133.00	0.40	-0.10	0.04	3.00	16.98	73.26	309.38	23.12
2010-03-27 05:27:00	0.70	8.34	7.07	5.04	4.45	3.61	6.15	29.95	0.00	133.00	0.40	-0.04	0.07	3.00	16.98	73.26	347.34	22.94
2010-03-27 05:57:00	0.66	8.23	6.94	4.94	4.39	3.60	6.15	30.20	0.00	133.00	0.40	-0.03	0.11	3.00	16.98	73.26	298.12	22.85
2010-03-27 06:27:00	0.64	8.78	7.46	5.18	4.51	3.60	6.09	30.40	0.00	133.00	0.40	-0.03	0.10	3.00	16.98	73.26	310.78	22.90
2010-03-27 06:57:00	0.68	8.74	7.43	5.21	4.57	3.66	6.24	30.45	0.00	133.00	0.40	-0.04	0.07	3.00	16.98	73.26	326.25	23.03
2010-03-27 07:27:00	0.65	9.12	7.75	5.32	4.61	3.64	6.20	30.40	0.00	133.00	0.40	-0.06	0.05	3.00	16.98	73.26	261.56	22.90
2010-03-27 07:57:00	0.64	8.93	7.63	5.34	4.65	3.69	6.31	30.40	0.00	133.00	0.40	-0.06	0.04	3.00	16.98	73.26	247.50	22.50
2010-03-27 08:27:00	0.62	8.57	7.25	5.06	4.43	3.55	5.97	30.40	0.00	133.00	0.40	-0.04	0.06	3.00	16.98	73.26	275.62	22.32
2010-03-27 08:57:00	0.65	9.34	8.00	5.47	4.70	3.65	6.18	30.40	0.00	133.00	0.40	-0.04	0.09	3.00	16.98	73.26	236.25	22.32
2010-03-27 09:27:00	0.62	8.77	7.53	5.28	4.58	3.60	6.04	30.40	0.00	133.00	0.40	-0.04	0.08	3.00	16.98	73.26	216.56	22.76
2010-03-27 09:57:00	0.65	8.68	7.38	4.99	4.25	3.25	5.14	30.25	0.00	133.00	0.40	-0.04	0.08	3.00	16.98	73.26	247.50	22.72
2010-03-27 10:27:00	0.66	8.83	7.42	4.76	3.98	2.99	4.60	30.25	0.00	133.00	0.40	-0.04	0.06	3.00	16.98	73.26	239.06	22.85
2010-03-27 10:57:00	0.66	8.49	7.05	4.45	3.75	2.86	4.37	30.35	0.00	133.00	0.40	-0.06	0.04	3.00	16.98	73.26	133.59	22.85
2010-03-27 11:27:00	0.67	8.87	7.40	4.69	3.94	2.99	4.65	30.45	0.00	133.00	0.40	-0.05	0.05	3.00	16.98	73.26	213.75	22.76
2010-03-27 11:57:00	0.65	8.30	6.88	4.37	3.71	2.89	4.47	30.35	0.00	133.00	0.40	-0.04	0.05	3.00	16.98	73.26	212.34	22.94
2010-03-27 12:27:00	0.69	9.04	7.61	4.76	3.96	2.98	4.64	30.10	0.00	133.00	0.40	-0.07	0.04	3.00	16.98	73.26	187.03	23.16
2010-03-27 12:57:00	0.65	7.92	6.53	4.30	3.73	2.98	4.68	29.95	0.00	133.00	0.40	-0.10	0.04	3.00	16.98	73.26	247.50	22.98
2010-03-27 13:27:00	0.67	8.43	7.02	4.52	3.86	3.01	4.74	29.85	0.00	133.00	0.40	-0.07	0.03	3.00	16.98	73.26	222.19	23.12
2010-03-27 13:57:00	0.71	8.11	6.75	4.50	3.89	3.09	4.92	29.80	0.00	133.00	0.40	-0.09	0.03	3.00	16.98	73.26	248.91	22.98
2010-03-27 14:27:00	0.70	8.19	6.69	4.41	3.84	3.08	4.92	29.75	0.00	133.00	0.40	-0.04	0.05	3.00	16.98	73.26	247.50	22.90
2010-03-27 14:57:00	0.66	7.93	6.41	4.17	3.63	2.93	4.59	29.70	0.00	133.00	0.40	-0.03	0.08	3.00	16.98	73.26	210.94	22.81
2010-03-27 15:27:00	0.73	8.48	6.98	4.53	3.91	3.10	4.96	29.70	0.00	133.00	0.40	-0.03	0.08	3.00	16.98	73.26	317.81	22.63
2010-03-27 15:57:00	0.74	7.73	6.38	4.36	3.84	3.11	4.99	29.65	0.00	133.00	0.40	-0.05	0.04	3.00	16.98	73.26	226.41	22.54
2010-03-27 16:27:00	0.76	8.55	7.05	4.53	3.88	3.04	4.79	29.60	0.00	133.00	0.40	-0.04	0.04	3.00	16.98	73.26	274.22	22.41
2010-03-27 16:57:00	0.76	8.26	6.82	4.54	3.93	3.13	5.00	29.65	0.00	133.00	0.40	-0.03	0.06	3.00	16.98	73.26	279.84	22.24
2010-03-27 17:27:00	0.74	7.47	6.11	4.26	3.79	3.12	5.03	29.60	0.00	133.00	0.40	-0.03	0.11	3.00	16.98	73.26	250.31	22.10
2010-03-27 17:57:00	0.75	7.53	6.20	4.34	3.85	3.15	5.07	29.60	0.00	133.00	0.40	-0.04	0.13	3.00	16.98	73.26	291.09	22.10
2010-03-27 18:27:00	0.75	8.21	6.81	4.62	4.03	3.22	5.21	29.60	0.00	133.00	0.40	-0.04	0.13	3.00	16.98	73.26	281.25	22.15
2010-03-27 18:57:00	0.78	8.36	6.92	4.72	4.14	3.32	5.45	29.60	0.00	133.00	0.40	-0.04	0.11	3.00	16.98	73.26	264.38	22.10
2010-03-27 19:27:00	0.74	8.31	6.97	4.83	4.24	3.42	5.68	29.65	0.00	133.00	0.40	-0.05	0.14	3.00	16.98	73.26	270.00	22.19
2010-03-27 19:57:00	0.74	8.42	7.08	4.89	4.27	3.41	5.65	29.70	0.00	133.00	0.40	-0.05	0.14	3.00	16.98	73.26	303.75	22.28
2010-03-27 20:27:00	0.68	8.13	6.79	4.77	4.22	3.43	5.73	29.75	0.00	133.00	0.40	-0.05	0.13	3.00	16.98	73.26	285.47	22.24
2010-03-27 20:57:00	0.69	8.64	7.28	4.99	4.34	3.45	5.73	29.75	0.00	133.00	0.40	-0.04	0.13	3.00	16.98	73.26	261.56	22.24
2010-03-27 21:27:00	0.65	8.49	7.16	4.94	4.32	3.45	5.75	29.70	0.00	133.00	0.40	-0.04	0.13	3.00	16.98	73.26	251.72	22.28
2010-03-27 21:57:00	0.65	8.67	7.37	5.05	4.36	3.42	5.64	29.70	0.00	133.00	0.40	-0.03	0.12	3.00	16.98	73.26	281.25	22.28
2010-03-27 22:27:00	0.68	8.73	7.42	5.09	4.40	3.48	5.80	29.75	0.00	133.00	0.40	-0.04	0.12	3.00	16.98	73.26	333.28	22.63
2010-03-27 22:57:00	0.69	8.54	7.29	5.11	4.46	3.53	5.91	29.70	0.00	132.00	0.40	-0.03	0.10	3.00	16.98	73.26	323.44	23.03
2010-03-27 23:27:00	0.63	8.79	7.44	5.09	4.40	3.44	5.67	29.70	0.00	132.00	0.40	-0.10	0.04	3.00	16.98	73.26	351.56	23.25
2010-03-27 23:57:00	0.66	8.80	7.50	5.15	4.45	3.49	5.82	29.70	0.00	132.00	0.40	-0.07	0.04	3.00	16.98	73.26	347.34	23.12
2010-03-28 00:27:00	0.63	9.15	7.89	5.38	4.59	3.52	5.84	29.65	0.00	132.00	0.40	-0.09	0.03	3.00	16.98	73.26	129.38	22.63
2010-03-28 00:57:00	0.60	8.78	7.51	5.11	4.38	3.40	5.57	29.65	0.00	132.00	0.40	-0.14	0.05	3.00	16.98	73.26	21.09	22.76
2010-03-28 01:27:00	0.63	8.99	7.77	5.36	4.59	3.55	5.93	29.65	0.00	132.00	0.40	-0.14	0.08	3.00	16.98	73.26	320.62	22.63
2010-03-28 01:57:00	0.62	9.24	7.96	5.46	4.68	3.63	6.11	29.60	0.00	132.00	0.40	-0.12	0.05	3.00	16.98	73.26	25.31	22.68
2010-03-28 02:27:00	0.63	9.07	7.93	5.57	4.77	3.69	6.25	29.55	0.00	132.00	0.40	-0.10	0.03	3.00	16.98	73.26	19.69	22.98
2010-03-28 02:57:00	0.59	8.69	7.42	5.10	4.41	3.46	5.73	29.55	0.00	132.00	0.40	-0.06	0.05	3.00	16.98	73.26	323.44	23.20
2010-03-28 03:27:00	0.62	9.14	7.80	5.26	4.50	3.48	5.77	29.55	0.00	132.00	0.40	-0.03	0.09	3.00	16.98	73.26	12.66	23.25
2010-03-28 03:57:00	0.62	8.78	7.47	5.07	4.36	3.40	5.60	29.65	0.00	132.00	0.40	-0.06	0.11	3.00	16.98	73.26	284.06	23.16
2010-03-28 04:27:00	0.63	8.09	6.80	4.74	4.16	3.35	5.50	29.70	0.00	132.00	0.40	-0.04	0.05	3.00	16.98	73.26	319.22	23.12
2010-03-28 04:57:00	0.64	8.52	7.17	4.89	4.23	3.34	5.46	29.70	0.00	132.00	0.40	-0.03	0.06	3.00	16.98	73.26	250.31	22.68
2010-03-28 05:27:00	0.64	8.29	6.97	4.81	4.20	3.35	5.49	29.80	0.00	132.00	0.40	-0.03	0.10	3.00	16.98	73.26	268.59	22.19
2010-03-28 05:57:00	0.64	8.20	6.76	4.57	4.00	3.22	5.20	29.90	0.00	132.00	0.40	-0.03	0.11	3.00	16.98	73.26	262.97	22.15
2010-03-28 06:27:00	8.03	21.61	21.23	19.99	18.45	13.25	27.92	29.95	0.00	132.00	0.38	-0.08	0.08	3.00	16.98	73.26	253.12	22.24
2010-03-28 06:57:00	0.64	8.31	6.90	4.65	4.04	3.21	5.17	30.05	0.00	132.00	0.40	-0.08	0.09	3.00	16.98	73.26	268.59	22.50
2010-03-28 07:27:00	0.63	8.11	6.75	4.57	3.98	3.17	5.06	30.05	0.00	132.00	0.40	-0.09	0.09	3.00	16.98	73.26	239.06	22.10
2010-03-28 07:57:00	0.62	8.62	7.22	4.81	4.13	3.23	5.17	30.05	0.00	132.00	0.40	-0.10	0.09	3.00	16.98	73.26	250.31	22.02
2010-03-28 08:27:00	0.61	8.43	7.08	4.75	4.08	3.18	5.05	30.20	0.00	132.00	0.40	-0.05	0.11	3.00	16.98	73.26	251.72	22.06
2010-03-28 08:57:00	0.63	8.11	6.86	4.73	4.10	3.22	5.15	30.20	0.00	132.00	0.40	-0.11	0.14	3.00	16.98	73.26	250.31	22.32
2010-03-28 09:27:00	0.63	8.34	6.97	4.58	3.91	3.02	4.68	30.25	0.00	132.00	0.40	-0.14	0.07	3.00	16.98	73.26	265.78	22.46
2010-03-28 09:57:00	0.63	7.41	6.12	4.19	3.65	2.92	4.51	30.20	0.00	132.00	0.40	-0.12	0.05	3.00	16.98	73.26	248.91	22.59
2010-03-28 10:27:00	0.65	7.38	6.06	4.08	3.57	2.88	4.47	30.10	0.00	132.00	0.40	-0.10	0.04	3.00	16.98	73.26	258.75	22.63
2010-03-28 10:57:00	0.69	7.94	6.56	4.29	3.70	2.93	4.56	30.10	0.00	132.00	0.40	-0.10	0.03	3.00	16.98	73.26	295.31	22.59
2010-03-28 11:27:00	0.72	7.40	6.05	4.09	3.61	2.95	4.66	30.05	0.00	132.00	0.40	-0.14	0.08	3.00	16.98	73.26	265.78	22.68
2010-03-28 11:57:00	0.75	7.62	6.24	4.20	3.69	3.01	4.78	29.95	0.00	132.00	0.40	-0.12	0.06	3.00	16.98	73.26	279.84	22.85
2010-03-28 12:27:00	0.73	7.35	5.97	4.05	3.59	2.97	4.73	29.85	0.00	132.00	0.40	-0.09	0.03	3.00	16.98	73.26	295.31	23.12
2010-03-28 12:57:00	0.75	6.96	5.77	4.13	3.70	3.08	4.94	29.85	0.00	132.00	0.40	-0.07	0.03	3.00	16.98	73.26	251.72	23.20
2010-03-28 13:27:00	0.77	7.78	6.46	4.41	3.86	3.11	4.96	29.80	0.00	132.00	0.40	-0.09	0.03	3.00	16.98	73.26	241.88	23.16
2010-03-28 13:57:00	0.77	7.10	5.85	4.14	3.69	3.05	4.85	29.75	0.00	132.00	0.40	-0.07	0.03	3.00	16.98	73.26	288.28	23.07
2010-03-28 14:27:00	0.78	7.53	6.30	4.37	3.84	3.12	5.00	29.75	0.00	132.00	0.40	-0.06	0.04	3.00	16.98	73.26	230.62	23.03
2010-03-28 14:57:00	0.79	6.80	5.67	4.19	3.78	3.18	5.18	29.75	0.00	132.00	0.40	-0.08	0.03	3.00	16.98	73.26	299.53	22.85
2010-03-28 15:27:00	0.84	6.99	5.89	4.37	3.92	3.26	5.30	29.70	0.00	132.00	0.40	-0.10	0.04	3.00	16.98	73.26	298.12	22.68
2010-03-28 15:57:00	0.79	6.84	5.78	4.34	3.91	3.24	5.23	29.70	0.00	132.00	0.40	-0.08	0.04	3.00	16.98	73.26	257.34	22.59
2010-03-28 16:27:00	0.84	6.63	5.65	4.38	4.00	3.38	5.60	29.65	0.00	132.00	0.40	-0.04	0.05	3.00	16.98	73.26	284.06	22.63
2010-03-28 16:57:00	0.83	6.82	5.81	4.44	4.02	3.36	5.55	29.65	0.00	132.00	0.40	-0.06	0.04	3.00	16.98	73.26	316.41	22.59
2010-03-28 17:27:00	0.74	7.00	5.93	4.49	4.05	3.37	5.57	29.60	0.00	132.00	0.40	-0.03	0.10	3.00	16.98	73.26	274.22	22.46
2010-03-28 17:57:00	0.77	6.78	5.77	4.42	4.01	3.34	5.48	29.50	0.00	132.00	0.40	-0.03	0.09	3.00	16.98	73.26	324.84	22.54
2010-03-28 18:27:00	0.73	6.83	5.82	4.48	4.07	3.41	5.67	29.50	0.00	132.00	0.40	-0.03	0.10	3.00	16.98	73.26	316.41	22.59
2010-03-28 18:57:00	0.75	7.40	6.31	4.76	4.29	3.57	6.04	29.40	0.00	132.00	0.40	-0.04	0.07	3.00	16.98	73.26	331.88	22.63
2010-03-28 19:27:00	0.73	7.49	6.36	4.73	4.24	3.50	5.86	29.35	0.00	132.00	0.40	-0.06	0.05	3.00	16.98	73.26	312.19	22.63
2010-03-28 19:57:00	0.73	7.80	6.63	4.89	4.38	3.60	6.11	29.50	0.00	132.00	0.40	-0.07	0.05	3.00	16.98	73.26	309.38	22.59
2010-03-28 20:27:00	0.70	7.64	6.50	4.83	4.34	3.60	6.13	29.60	0.00	132.00	0.40	-0.08	0.05	3.00	16.98	73.26	300.94	22.46
2010-03-28 20:57:00	0.63	7.59	6.47	4.79	4.27	3.49	5.84	29.55	0.00	132.00	0.40	-0.10	0.04	3.00	16.98	73.26	279.84	22.28
2010-03-28 21:27:00	0.63	8.82	7.59	5.34	4.62	3.60	6.02	29.55	0.00	132.00	0.40	-0.13	0.07	3.00	16.98	73.26	300.94	22.24
2010-03-28 21:57:00	0.64	7.91	6.79	5.03	4.48	3.65	6.20	29.50	0.00	132.00	0.40	-0.14	0.07	3.00	16.98	73.26	300.94	22.32
2010-03-28 22:27:00	0.60	8.44	7.20	5.08	4.43	3.51	5.85	29.45	0.00	132.00	0.40	-0.13	0.06	3.00	16.98	73.26	29.53	22.28
2010-03-28 22:57:00	0.64	8.04	6.92	5.15	4.59	3.73	6.38	29.40	0.00	132.00	0.40	-0.14	0.06	3.00	16.98	73.26	46.41	22.63
2010-03-28 23:27:00	0.60	7.97	6.84	5.04	4.47	3.63	6.16	29.30	0.00	132.00	0.40	-0.14	0.09	3.00	16.98	73.26	32.34	22.85
2010-03-28 23:57:00	0.63	7.97	6.89	5.13	4.57	3.72	6.37	29.30	0.00	132.00	0.40	-0.15	0.08	3.00	16.98	73.26	50.62	23.07
2010-03-29 00:27:00	0.70	8.22	7.19	5.40	4.80	3.89	6.80	29.35	0.00	132.00	0.40	-0.14	0.10	3.00	16.98	73.26	46.41	22.94
2010-03-29 00:57:00	0.63	8.09	6.99	5.22	4.65	3.79	6.55	29.35	0.00	132.00	0.40	-0.13	0.07	3.00	16.98	73.26	80.16	22.85
2010-03-29 01:27:00	0.64	8.09	7.01	5.28	4.73	3.86	6.71	29.30	0.00	132.00	0.40	-0.10	0.04	3.00	16.98	73.26	66.09	22.81
2010-03-29 01:57:00	0.63	8.51	7.39	5.43	4.78	3.83	6.61	29.35	0.00	132.00	0.40	-0.09	0.04	3.00	16.98	73.26	43.59	22.81
2010-03-29 02:27:00	0.65	8.00	6.94	5.27	4.74	3.91	6.89	29.25	0.00	132.00	0.40	-0.09	0.04	3.00	16.98	73.26	70.31	22.81
2010-03-29 02:57:00	0.65	7.81	6.74	5.13	4.62	3.85	6.79	29.20	0.00	132.00	0.40	-0.09	0.04	3.00	16.98	73.26	73.12	22.76
2010-03-29 03:27:00	0.61	7.45	6.45	4.97	4.50	3.78	6.58	29.15	0.00	132.00	0.40	-0.09	0.04	3.00	16.98	73.26	75.94	22.76
2010-03-29 03:57:00	0.60	8.71	7.59	5.51	4.82	3.84	6.66	29.30	0.00	132.00	0.40	-0.10	0.04	3.00	16.98	73.26	64.69	22.76
2010-03-29 04:27:00	0.63	9.09	7.91	5.71	4.98	3.93	6.88	29.50	0.00	132.00	0.40	-0.09	0.04	3.00	16.98	73.26	56.25	22.81
2010-03-29 04:57:00	0.60	7.49	6.46	4.97	4.51	3.78	6.57	29.85	0.00	132.00	0.40	-0.10	0.04	3.00	16.98	73.26	142.03	23.03
2010-03-29 05:27:00	0.63	8.24	7.09	5.27	4.71	3.88	6.80	29.95	0.00	132.00	0.40	-0.13	0.06	3.00	16.98	73.26	168.75	23.12
2010-03-29 05:57:00	0.64	8.04	6.94	5.19	4.65	3.83	6.67	30.05	0.00	132.00	0.40	-0.14	0.10	3.00	16.98	73.26	181.41	22.63
2010-03-29 06:27:00	0.64	8.54	7.41	5.45	4.81	3.86	6.68	30.00	0.00	132.00	0.40	-0.13	0.13	3.00	16.98	73.26	216.56	22.54
2010-03-29 06:57:00	0.60	7.96	6.85	5.04	4.47	3.63	6.15	29.95	0.00	132.00	0.40	-0.14	0.12	3.00	16.98	73.26	227.81	22.54
2010-03-29 07:27:00	0.66	8.32	7.12	5.15	4.53	3.63	6.08	30.05	0.00	132.00	0.40	-0.14	0.11	3.00	16.98	73.26	206.72	22.54
2010-03-29 07:57:00	0.63	8.40	7.18	5.00	4.31	3.33	5.34	30.10	0.00	132.00	0.40	-0.14	0.09	3.00	16.98	73.26	232.03	22.54
2010-03-29 08:27:00	0.64	8.11	6.87	4.66	3.98	3.05	4.70	29.95	0.00	132.00	0.40	-0.14	0.08	3.00	16.98	73.26	237.66	22.54
2010-03-29 08:57:00	0.65	8.37	7.14	4.76	4.02	3.03	4.68	29.85	0.00	132.00	0.40	-0.14	0.08	3.00	16.98	73.26	270.00	22.54
2010-03-29 09:27:00	0.60	7.72	6.48	4.41	3.81	2.99	4.63	29.95	0.00	132.00	0.40	-0.12	0.06	3.00	16.98	73.26	253.12	22.59
2010-03-29 09:57:00	0.63	7.87	6.65	4.51	3.87	3.01	4.67	30.05	0.00	132.00	0.40	-0.11	0.04	3.00	16.98	73.26	223.59	22.63
2010-03-29 10:27:00	0.64	8.49	7.26	4.81	4.05	3.06	4.77	30.00	0.00	132.00	0.40	-0.13	0.06	3.00	16.98	73.26	236.25	22.54
2010-03-29 10:57:00	0.63	8.43	7.17	4.68	3.93	2.97	4.58	29.90	0.00	132.00	0.40	-0.14	0.08	3.00	16.98	73.26	209.53	22.76
2010-03-29 11:27:00	0.66	8.26	7.04	4.61	3.89	2.96	4.57	29.80	0.00	132.00	0.40	-0.13	0.06	3.00	16.98	73.26	254.53	22.98
2010-03-29 11:57:00	0.69	8.38	7.15	4.76	4.03	3.08	4.84	29.75	0.00	132.00	0.40	-0.12	0.05	3.00	16.98	73.26	250.31	23.29
2010-03-29 12:27:00	0.64	8.02	6.80	4.54	3.88	3.03	4.76	29.75	0.00	132.00	0.40	-0.12	0.04	3.00	16.98	73.26	219.38	23.29
2010-03-29 12:57:00	0.66	8.04	6.84	4.56	3.88	3.00	4.69	29.65	0.00	132.00	0.40	-0.12	0.04	3.00	16.98	73.26	254.53	23.20
2010-03-29 13:27:00	0.60	7.69	6.50	4.45	3.85	3.04	4.79	29.60	0.00	132.00	0.40	-0.12	0.04	3.00	16.98	73.26	227.81	23.16
2010-03-29 13:57:00	0.60	8.11	6.89	4.62	3.95	3.07	4.83	29.55	0.00	132.00	0.40	-0.06	0.04	3.00	16.98	73.26	240.47	23.03
2010-03-29 14:27:00	0.66	8.51	7.41	5.13	4.36	3.33	5.37	29.50	0.00	132.00	0.40	-0.09	0.04	3.00	16.98	73.26	209.53	23.03
2010-03-29 14:57:00	0.62	8.15	6.95	4.75	4.08	3.17	5.06	29.50	0.00	132.00	0.40	-0.14	0.06	3.00	16.98	73.26	180.00	23.20
2010-03-29 15:27:00	0.65	7.85	6.76	4.75	4.11	3.21	5.11	29.45	0.00	132.00	0.40	-0.11	0.05	3.00	16.98	73.26	286.88	22.76
2010-03-29 15:57:00	0.70	8.05	7.00	4.99	4.32	3.38	5.52	29.45	0.00	132.00	0.40	-0.06	0.07	3.00	16.98	73.26	288.28	23.07
2010-03-29 16:27:00	0.65	8.18	7.05	4.94	4.27	3.34	5.43	29.45	0.00	132.00	0.40	-0.10	0.04	3.00	16.98	73.26	278.44	23.07
2010-03-29 16:57:00	0.59	7.26	6.20	4.52	4.01	3.26	5.30	29.40	0.00	132.00	0.40	-0.05	0.04	3.00	16.98	73.26	324.84	22.63
2010-03-29 17:27:00	0.70	8.90	7.75	5.32	4.50	3.40	5.52	29.50	0.00	132.00	0.40	-0.06	0.05	3.00	16.98	73.26	300.94	22.68
2010-03-29 17:57:00	0.63	8.25	7.10	4.98	4.31	3.38	5.54	29.55	0.00	132.00	0.40	-0.08	0.04	3.00	16.98	73.26	299.53	22.63
2010-03-29 18:27:00	0.64	8.39	7.25	5.10	4.40	3.44	5.64	29.55	0.00	132.00	0.40	-0.10	0.04	3.00	16.98	73.26	285.47	22.59
2010-03-29 18:57:00	0.65	8.50	7.38	5.15	4.41	3.39	5.52	29.60	0.00	132.00	0.40	-0.10	0.04	3.00	16.98	73.26	320.62	22.54
2010-03-29 19:27:00	0.66	7.96	6.91	5.04	4.42	3.52	5.84	29.65	0.00	132.00	0.40	-0.10	0.05	3.00	16.98	73.26	277.03	22.50
2010-03-29 19:57:00	0.68	8.19	7.08	5.10	4.46	3.52	5.84	29.55	0.00	132.00	0.40	-0.11	0.05	3.00	16.98	73.26	289.69	22.46
2010-03-29 20:27:00	0.63	8.14	6.99	5.00	4.36	3.44	5.64	29.50	0.00	132.00	0.40	-0.11	0.05	3.00	16.98	73.26	293.91	22.50
2010-03-29 20:57:00	0.65	7.85	6.84	5.09	4.50	3.61	6.07	29.50	0.00	132.00	0.40	-0.11	0.05	3.00	16.98	73.26	295.31	22.46
2010-03-29 21:27:00	0.62	7.73	6.69	4.97	4.41	3.57	6.00	29.50	0.00	132.00	0.40	-0.11	0.05	3.00	16.98	73.26	288.28	22.50
2010-03-29 21:57:00	0.67	8.22	7.24	5.39	4.72	3.71	6.22	29.55	0.00	132.00	0.40	-0.11	0.05	3.00	16.98	73.26	320.62	22.46
2010-03-29 22:27:00	0.62	8.41	7.33	5.32	4.62	3.60	5.96	29.65	0.00	132.00	0.40	-0.11	0.05	3.00	16.98	73.26	344.53	22.37
2010-03-29 22:57:00	0.63	8.39	7.37	5.43	4.76	3.76	6.42	29.60	0.00	132.00	0.40	-0.12	0.06	3.00	16.98	73.26	337.50	22.15
2010-03-29 23:27:00	0.63	8.76	7.77	5.73	4.97	3.86	6.58	29.60	0.00	132.00	0.40	-0.14	0.08	3.00	16.98	73.26	47.81	22.28
2010-03-29 23:57:00	0.63	8.59	7.61	5.56	4.80	3.70	6.19	29.55	0.00	132.00	0.40	-0.15	0.10	3.00	16.98	73.26	78.75	22.72
2010-03-30 00:27:00	0.63	8.62	7.72	5.76	4.97	3.82	6.45	29.55	0.00	132.00	0.40	-0.14	0.08	3.00	16.98	73.26	35.16	22.81
2010-03-30 00:57:00	0.62	8.61	7.64	5.67	4.92	3.83	6.51	29.45	0.00	132.00	0.40	-0.14	0.09	3.00	16.98	73.26	53.44	22.81
2010-03-30 01:27:00	0.61	8.31	7.37	5.56	4.88	3.84	6.55	29.45	0.00	132.00	0.40	-0.13	0.06	3.00	16.98	73.26	60.47	22.76
2010-03-30 01:57:00	0.63	8.29	7.42	5.64	4.94	3.89	6.69	29.50	0.00	132.00	0.40	-0.12	0.05	3.00	16.98	73.26	50.62	22.76
2010-03-30 02:27:00	0.65	8.45	7.58	5.80	5.07	3.95	6.75	29.50	0.00	132.00	0.40	-0.11	0.04	3.00	16.98	73.26	75.94	22.76
2010-03-30 02:57:00	0.63	8.53	7.65	5.83	5.11	4.00	6.91	29.45	0.00	132.00	0.40	-0.11	0.04	3.00	16.98	73.26	97.03	22.76
2010-03-30 03:27:00	0.61	8.74	7.85	5.90	5.09	3.90	6.62	29.50	0.00	132.00	0.40	-0.10	0.04	3.00	16.98	73.26	108.28	22.81
2010-03-30 03:57:00	0.61	8.21	7.26	5.47	4.81	3.82	6.53	29.55	0.00	132.00	0.40	-0.11	0.04	3.00	16.98	73.26	71.72	22.81
2010-03-30 04:27:00	0.64	8.14	7.22	5.48	4.83	3.82	6.50	29.70	0.00	132.00	0.40	-0.10	0.04	3.00	16.98	73.26	92.81	22.81
2010-03-30 04:57:00	0.61	8.57	7.65	5.68	4.89	3.74	6.24	29.80	0.00	132.00	0.40	-0.10	0.04	3.00	16.98	73.26	329.06	22.90
2010-03-30 05:27:00	0.64	8.32	7.37	5.53	4.85	3.83	6.55	29.85	0.00	132.00	0.40	-0.12	0.07	3.00	16.98	73.26	275.62	23.07
2010-03-30 05:57:00	0.65	8.62	7.63	5.65	4.90	3.78	6.35	29.85	0.00	132.00	0.40	-0.11	0.13	3.00	16.98	73.26	253.12	22.76
2010-03-30 06:27:00	0.66	8.55	7.62	5.74	4.99	3.85	6.49	29.95	0.00	132.00	0.40	-0.10	0.11	3.00	16.98	73.26	262.97	22.41
2010-03-30 06:57:00	0.61	8.46	7.45	5.40	4.62	3.50	5.65	29.95	0.00	132.00	0.40	-0.14	0.07	3.00	16.98	73.26	262.97	22.54
2010-03-30 07:27:00	0.64	8.26	7.19	4.98	4.19	3.12	4.81	30.00	0.00	132.00	0.40	-0.11	0.04	3.00	16.98	73.26	247.50	22.54
2010-03-30 07:57:00	0.67	8.37	7.19	4.76	3.97	2.94	4.45	30.00	0.00	132.00	0.40	-0.09	0.03	3.00	16.98	73.26	286.88	22.54
2010-03-30 08:27:00	0.68	8.13	6.93	4.56	3.82	2.88	4.36	30.00	0.00	132.00	0.40	-0.06	0.04	3.00	16.98	73.26	282.66	22.50
2010-03-30 08:57:00	0.68	7.44	6.34	4.37	3.76	2.94	4.53	30.00	0.00	132.00	0.40	-0.05	0.04	3.00	16.98	73.26	293.91	22.50
2010-03-30 09:27:00	0.64	7.03	5.91	4.07	3.54	2.83	4.33	29.95	0.00	132.00	0.40	-0.06	0.04	3.00	16.98	73.26	289.69	22.50
2010-03-30 09:57:00	0.71	7.49	6.26	4.15	3.57	2.82	4.33	29.95	0.00	132.00	0.40	-0.08	0.03	3.00	16.98	73.26	268.59	22.54
2010-03-30 10:27:00	0.73	7.48	6.18	4.06	3.52	2.82	4.36	30.00	0.00	132.00	0.40	-0.09	0.04	3.00	16.98	73.26	250.31	22.50
2010-03-30 10:57:00	0.79	7.49	6.29	4.25	3.70	2.97	4.70	29.85	0.00	132.00	0.40	-0.11	0.04	3.00	16.98	73.26	302.34	22.54
2010-03-30 11:27:00	0.81	6.86	5.72	4.01	3.57	2.96	4.69	29.75	0.00	132.00	0.40	-0.10	0.04	3.00	16.98	73.26	286.88	22.59
2010-03-30 11:57:00	0.80	6.54	5.44	3.93	3.54	3.00	4.81	29.65	0.00	132.00	0.40	-0.07	0.04	3.00	16.98	73.26	212.34	22.59
2010-03-30 12:27:00	0.82	6.52	5.46	3.96	3.56	2.99	4.77	29.60	0.00	132.00	0.40	-0.10	0.04	3.00	16.98	73.26	261.56	22.63
2010-03-30 12:57:00	0.81	6.27	5.24	3.87	3.51	2.98	4.74	29.55	0.00	132.00	0.40	-0.11	0.04	3.00	16.98	73.26	265.78	22.68
2010-03-30 13:27:00	0.84	6.33	5.36	4.00	3.60	3.03	4.82	29.55	0.00	132.00	0.40	-0.09	0.03	3.00	16.98	73.26	232.03	22.76
2010-03-30 13:57:00	0.83	6.58	5.56	4.05	3.63	3.02	4.81	29.50	0.00	132.00	0.40	-0.05	0.04	3.00	16.98	73.26	289.69	22.76
2010-03-30 14:27:00	0.80	6.27	5.31	3.93	3.54	2.97	4.69	29.45	0.00	132.00	0.40	-0.04	0.04	3.00	16.98	73.26	213.75	22.81
2010-03-30 14:57:00	0.79	6.57	5.60	4.15	3.71	3.07	4.90	29.40	0.00	132.00	0.40	-0.03	0.06	3.00	16.98	73.26	257.34	22.94
2010-03-30 15:27:00	0.79	6.49	5.52	4.14	3.74	3.15	5.11	29.35	0.00	132.00	0.40	-0.07	0.03	3.00	16.98	73.26	232.03	22.90
2010-03-30 15:57:00	0.81	6.35	5.40	4.11	3.73	3.16	5.15	29.25	0.00	132.00	0.40	-0.09	0.03	3.00	16.98	73.26	236.25	22.76
2010-03-30 16:27:00	0.81	6.72	5.77	4.32	3.88	3.22	5.24	29.20	0.00	132.00	0.40	-0.04	0.05	3.00	16.98	73.26	326.25	22.59
2010-03-30 16:57:00	0.79	6.59	5.65	4.25	3.81	3.16	5.10	29.20	0.00	132.00	0.40	-0.03	0.07	3.00	16.98	73.26	293.91	22.63
2010-03-30 17:27:00	0.76	6.65	5.66	4.26	3.84	3.21	5.23	29.20	0.00	132.00	0.40	-0.03	0.06	3.00	16.98	73.26	295.31	22.63
2010-03-30 17:57:00	0.72	7.01	5.94	4.31	3.84	3.17	5.14	29.20	0.00	132.00	0.40	-0.06	0.04	3.00	16.98	73.26	291.09	22.59
2010-03-30 18:27:00	0.76	7.13	6.12	4.52	4.03	3.30	5.41	29.25	0.00	132.00	0.40	-0.06	0.04	3.00	16.98	73.26	274.22	22.59
2010-03-30 18:57:00	0.72	7.08	6.05	4.43	3.93	3.21	5.18	29.25	0.00	132.00	0.40	-0.08	0.04	3.00	16.98	73.26	298.12	22.54
2010-03-30 19:27:00	0.69	6.95	5.95	4.41	3.92	3.18	5.07	29.25	0.00	132.00	0.40	-0.09	0.04	3.00	16.98	73.26	292.50	22.59
2010-03-30 19:57:00	0.68	7.01	6.07	4.56	4.06	3.30	5.34	29.25	0.00	132.00	0.40	-0.08	0.04	3.00	16.98	73.26	326.25	22.59
2010-03-30 20:27:00	0.66	7.44	6.42	4.69	4.13	3.32	5.39	29.15	0.00	132.00	0.40	-0.08	0.04	3.00	16.98	73.26	333.28	22.46
2010-03-30 20:57:00	0.67	7.63	6.68	4.95	4.35	3.45	5.67	29.05	0.00	132.00	0.40	-0.10	0.05	3.00	16.98	73.26	329.06	22.28
2010-03-30 21:27:00	0.65	7.20	6.24	4.67	4.15	3.35	5.46	29.15	0.00	132.00	0.40	-0.13	0.07	3.00	16.98	73.26	338.91	22.24
2010-03-30 21:57:00	0.63	7.17	6.22	4.71	4.21	3.46	5.75	29.25	0.00	132.00	0.40	-0.14	0.09	3.00	16.98	73.26	331.88	22.19
2010-03-30 22:27:00	0.63	7.93	6.89	5.03	4.40	3.49	5.78	29.25	0.00	132.00	0.40	-0.14	0.10	3.00	16.98	73.26	329.06	22.19
2010-03-30 22:57:00	0.58	7.25	6.29	4.75	4.24	3.45	5.71	29.20	0.00	132.00	0.40	-0.14	0.10	3.00	16.98	73.26	334.69	22.24
2010-03-30 23:27:00	0.61	7.52	6.55	4.85	4.27	3.42	5.62	29.20	0.00	132.00	0.40	-0.14	0.10	3.00	16.98	73.26	1.41	22.28
2010-03-30 23:57:00	0.60	7.34	6.35	4.80	4.29	3.52	5.89	29.15	0.00	132.00	0.40	-0.14	0.09	3.00	16.98	73.26	331.88	22.41
2010-03-31 00:27:00	0.57	7.63	6.62	4.89	4.32	3.49	5.80	29.15	0.00	132.00	0.40	-0.14	0.09	3.00	16.98	73.26	323.44	22.50
2010-03-31 00:57:00	0.60	7.96	6.98	5.11	4.45	3.50	5.75	29.10	0.00	132.00	0.40	-0.14	0.11	3.00	16.98	73.26	7.03	22.63
2010-03-31 01:27:00	0.61	7.54	6.57	4.85	4.26	3.40	5.55	29.10	0.00	132.00	0.40	-0.14	0.08	3.00	16.98	73.26	1.41	22.63
2010-03-31 01:57:00	0.63	8.09	7.13	5.19	4.47	3.45	5.59	29.10	0.00	132.00	0.40	-0.11	0.11	3.00	16.98	73.26	246.09	23.25
2010-03-31 02:27:00	0.63	8.60	7.56	5.27	4.45	3.36	5.41	29.05	0.00	132.00	0.40	-0.05	0.09	3.00	16.98	73.26	139.22	23.07
2010-03-31 02:57:00	0.59	7.75	6.69	4.73	4.10	3.23	5.20	29.05	0.00	132.00	0.40	-0.09	0.13	3.00	16.98	73.26	46.41	23.03
2010-03-31 03:27:00	0.59	7.63	6.50	4.54	3.95	3.16	5.06	29.05	0.00	132.00	0.40	-0.07	0.08	3.00	16.98	73.26	289.69	23.12
2010-03-31 03:57:00	0.62	7.51	6.42	4.50	3.91	3.10	4.90	29.15	0.00	132.00	0.40	-0.04	0.06	3.00	16.98	73.26	195.47	22.81
2010-03-31 04:27:00	0.61	7.41	6.34	4.42	3.84	3.04	4.80	29.20	0.00	132.00	0.40	-0.09	0.07	3.00	16.98	73.26	282.66	23.16
2010-03-31 04:57:00	0.60	7.63	6.52	4.56	3.96	3.14	5.01	29.30	0.00	132.00	0.40	-0.07	0.06	3.00	16.98	73.26	282.66	23.03
2010-03-31 05:27:00	0.60	7.68	6.58	4.60	3.99	3.15	5.03	29.35	0.00	132.00	0.40	-0.06	0.04	3.00	16.98	73.26	315.00	23.20
2010-03-31 05:57:00	0.60	7.84	6.74	4.75	4.13	3.26	5.25	29.50	0.00	132.00	0.40	-0.09	0.03	3.00	16.98	73.26	277.03	22.63
2010-03-31 06:27:00	0.59	7.77	6.66	4.68	4.07	3.22	5.17	29.75	0.00	132.00	0.40	-0.12	0.05	3.00	16.98	73.26	272.81	22.46
2010-03-31 06:57:00	0.60	7.71	6.62	4.68	4.07	3.21	5.13	29.85	0.00	132.00	0.40	-0.12	0.06	3.00	16.98	73.26	305.16	22.37
2010-03-31 07:27:00	0.63	7.54	6.46	4.66	4.11	3.32	5.44	29.95	0.00	132.00	0.40	-0.12	0.06	3.00	16.98	73.26	268.59	22.41
2010-03-31 07:57:00	0.62	7.77	6.72	4.86	4.25	3.38	5.53	30.05	0.00	132.00	0.40	-0.12	0.05	3.00	16.98	73.26	254.53	22.50
2010-03-31 08:27:00	0.62	7.79	6.71	4.82	4.22	3.37	5.52	30.15	0.00	132.00	0.40	-0.12	0.05	3.00	16.98	73.26	291.09	22.54
2010-03-31 08:57:00	0.61	7.73	6.64	4.80	4.22	3.37	5.50	30.15	0.00	132.00	0.41	-0.11	0.04	3.00	16.98	73.26	281.25	22.50
2010-03-31 09:27:00	0.63	7.80	6.70	4.78	4.17	3.29	5.29	30.00	0.00	132.00	0.41	-0.10	0.04	3.00	16.98	73.26	274.22	22.50
2010-03-31 09:57:00	0.66	7.70	6.64	4.81	4.21	3.34	5.39	30.10	0.00	132.00	0.41	-0.11	0.04	3.00	16.98	73.26	278.44	22.50
2010-03-31 10:27:00	0.66	7.31	6.32	4.61	4.03	3.18	5.02	30.15	0.00	132.00	0.41	-0.11	0.04	3.00	16.98	73.26	275.62	22.54
2010-03-31 10:57:00	0.67	7.35	6.36	4.67	4.10	3.25	5.19	30.10	0.00	132.00	0.41	-0.10	0.04	3.00	16.98	73.26	265.78	22.54
2010-03-31 11:27:00	0.65	7.80	6.74	4.75	4.08	3.15	4.95	30.05	0.00	132.00	0.41	-0.10	0.04	3.00	16.98	73.26	264.38	22.50
2010-03-31 11:57:00	0.68	7.67	6.60	4.72	4.10	3.22	5.11	29.95	0.00	132.00	0.41	-0.11	0.04	3.00	16.98	73.26	267.19	22.54
2010-03-31 12:27:00	0.66	7.45	6.43	4.62	4.01	3.14	4.92	29.90	0.00	132.00	0.41	-0.10	0.04	3.00	16.98	73.26	234.84	22.59
2010-03-31 12:57:00	0.68	7.78	6.71	4.79	4.16	3.26	5.21	29.85	0.00	132.00	0.41	-0.09	0.03	3.00	16.98	73.26	222.19	22.63
2010-03-31 13:27:00	0.68	7.45	6.37	4.55	3.97	3.13	4.95	29.85	0.00	132.00	0.41	-0.11	0.04	3.00	16.98	73.26	324.84	22.76
2010-03-31 13:57:00	0.69	7.66	6.62	4.63	3.96	3.06	4.78	29.75	0.00	132.00	0.41	-0.12	0.04	3.00	16.98	73.26	244.69	23.12
2010-03-31 14:27:00	0.71	7.43	6.44	4.61	4.00	3.15	5.00	29.70	0.00	132.00	0.41	-0.10	0.03	3.00	16.98	73.26	261.56	23.29
2010-03-31 14:57:00	0.68	7.75	6.64	4.66	4.03	3.16	5.02	29.65	0.00	132.00	0.41	-0.12	0.03	3.00	16.98	73.26	246.09	23.29
2010-03-31 15:27:00	0.70	7.88	6.81	4.79	4.13	3.21	5.13	29.60	0.00	132.00	0.41	-0.12	0.04	3.00	16.98	73.26	247.50	23.25
2010-03-31 15:57:00	0.70	7.86	6.82	4.88	4.22	3.30	5.33	29.55	0.00	132.00	0.41	-0.13	0.05	3.00	16.98	73.26	210.94	23.25
2010-03-31 16:27:00	0.68	7.59	6.58	4.75	4.13	3.25	5.23	29.50	0.00	132.00	0.41	-0.12	0.05	3.00	16.98	73.26	358.59	23.29
2010-03-31 16:57:00	0.70	7.82	6.80	4.92	4.27	3.34	5.40	29.50	0.00	132.00	0.41	-0.10	0.03	3.00	16.98	73.26	282.66	23.20
2010-03-31 17:27:00	0.71	7.73	6.73	4.92	4.30	3.38	5.50	29.50	0.00	132.00	0.41	-0.10	0.04	3.00	16.98	73.26	261.56	23.12
2010-03-31 17:57:00	0.70	7.49	6.57	4.96	4.37	3.48	5.73	29.50	0.00	132.00	0.41	-0.06	0.04	3.00	16.98	73.26	237.66	22.90
2010-03-31 18:27:00	0.72	7.89	6.90	5.09	4.46	3.53	5.86	29.55	0.00	132.00	0.41	-0.07	0.06	3.00	16.98	73.26	309.38	22.68
2010-03-31 18:57:00	0.71	7.59	6.68	5.10	4.53	3.64	6.13	29.50	0.00	132.00	0.41	-0.07	0.04	3.00	16.98	73.26	243.28	22.46
2010-03-31 19:27:00	0.71	7.46	6.50	4.98	4.43	3.59	6.01	29.45	0.00	132.00	0.41	-0.12	0.05	3.00	16.98	73.26	358.59	22.24
2010-03-31 19:57:00	0.72	7.60	6.68	5.16	4.60	3.73	6.33	29.40	0.00	132.00	0.40	-0.14	0.07	3.00	16.98	73.26	344.53	22.24
2010-03-31 20:27:00	0.69	8.06	7.07	5.35	4.71	3.74	6.32	29.35	0.00	132.00	0.40	-0.14	0.08	3.00	16.98	73.26	329.06	22.32
2010-03-31 20:57:00	0.70	7.48	6.65	5.27	4.74	3.88	6.70	29.30	0.00	132.00	0.40	-0.13	0.06	3.00	16.98	73.26	327.66	22.24
2010-03-31 21:27:00	0.70	7.79	6.95	5.43	4.84	3.89	6.70	29.30	0.00	132.00	0.40	-0.14	0.09	3.00	16.98	73.26	337.50	22.24
2010-03-31 21:57:00	0.71	7.89	7.01	5.50	4.93	4.01	7.04	29.25	0.00	132.00	0.40	-0.14	0.08	3.00	16.98	73.26	0.00	22.19
2010-03-31 22:27:00	0.68	8.03	7.14	5.53	4.92	3.96	6.89	29.20	0.00	132.00	0.40	-0.14	0.08	3.00	16.98	73.26	324.84	22.24
2010-03-31 22:57:00	0.70	7.90	7.01	5.47	4.88	3.95	6.84	29.20	0.00	132.00	0.40	-0.14	0.08	3.00	16.98	73.26	35.16	22.32
2010-03-31 23:27:00	0.71	7.73	6.96	5.59	5.04	4.13	7.33	29.20	0.00	132.00	0.40	-0.14	0.09	3.00	16.98	73.26	29.53	22.54
2010-03-31 23:57:00	0.68	7.80	7.07	5.70	5.12	4.15	7.34	29.20	0.00	132.00	0.40	-0.14	0.08	3.00	16.98	73.26	59.06	22.81
