Date,Hs_swell,Hs_sea
2018-05-15 06:30:00,0.0,0.035213633723318025
2018-05-15 07:00:00,0.41138789481461413,0.3135602015562562
2018-05-15 07:30:00,0.541885596782199,0.7208328516376039
2018-05-15 08:00:00,0.5177257961508196,0.6995998856489329
2018-05-15 08:30:00,0.4979357388258048,0.6655524021442639
2018-05-15 09:00:00,0.5091561646489219,0.6907966415668217
2018-05-15 09:30:00,0.5304149319165139,0.7032496000709848
2018-05-15 10:00:00,0.49741330902982483,0.6742106495747453
2018-05-15 10:30:00,0.726512216001906,0.47547870614781473
2018-05-15 11:00:00,0.7132461005852047,0.5380706273343677
2018-05-15 11:30:00,0.6821143599133507,0.5957851961907077
2018-05-15 12:00:00,0.6000499979168401,0.7180529228406496
2018-05-15 12:30:00,0.581704392281853,0.712348229449614
2018-05-15 13:00:00,0.6181585557120438,0.7359891303545183
2018-05-15 13:30:00,0.487934421823261,0.7857735042618833
2018-05-15 14:00:00,0.5664627083930592,0.8249606051200263
2018-05-15 14:30:00,0.5662155066756827,0.8176551840476521
2018-05-15 15:00:00,0.5392402062161167,0.8481037672360617
2018-05-15 15:30:00,0.5174359863789917,0.9061125757873577
2018-05-15 16:00:00,0.472038134052748,0.883447791326686
2018-05-15 16:30:00,0.47734683407350675,0.8647774280125494
2018-05-15 17:00:00,0.5099607828058939,0.8529478295886567
2018-05-15 17:30:00,0.40890096600521747,0.8741166970147636
2018-05-15 18:00:00,0.4860864120709404,0.7965927441296462
2018-05-15 18:30:00,0.5842773314103502,0.7932212806020776
2018-05-15 19:00:00,0.5398703548075224,0.81417442848569
2018-05-15 19:30:00,0.5022350047537507,0.8040398000099248
2018-05-15 20:00:00,0.4370125856311235,0.7865367124298777
2018-05-15 20:30:00,0.5118788919265963,0.7955375541104266
2018-05-15 21:00:00,0.5939865318338455,0.7526486564128047
2018-05-15 21:30:00,0.5337602458033007,0.8441326909911735
2018-05-15 22:00:00,0.5840890343089827,0.8016483019379508
2018-05-15 22:30:00,0.5659328582084628,0.8138304491723076
2018-05-15 23:00:00,0.5148592040548562,0.7770714252885639
2018-05-15 23:30:00,0.4679316189359296,0.7634657818134354
2018-05-16 00:00:00,0.582631959301925,0.6601817931448882
2018-05-16 00:30:00,0.5525576892958781,0.7299863012413315
2018-05-16 01:00:00,0.6333719286485627,0.7398378200659927
2018-05-16 01:30:00,0.6833886156499829,0.7071633474664817
2018-05-16 02:00:00,0.5594640292279746,0.7098732281189367
2018-05-16 02:30:00,0.524938091587951,0.7531799253830389
2018-05-16 03:00:00,0.4971317732754566,0.6862069658637983
2018-05-16 03:30:00,0.49628620774710236,0.712460525222275
2018-05-16 04:00:00,0.5246141439191283,0.6761656601750787
2018-05-16 04:30:00,0.5474851596162219,0.6411240129647305
2018-05-16 05:00:00,0.5234309887654723,0.7287249138049281
2018-05-16 05:30:00,0.5090383089709457,0.6743886120034946
2018-05-16 06:00:00,0.5573508769168664,0.6663932772770146
2018-05-16 06:30:00,0.5733236433289665,0.7416198487095663
2018-05-16 07:00:00,0.5437094812489479,0.6654922989787335
2018-05-16 07:30:00,0.676653530250157,0.5738989458084063
2018-05-16 08:00:00,0.5813948744184111,0.6746258222155449
2018-05-16 08:30:00,0.4661544808322666,0.7095350590351402
2018-05-16 09:00:00,0.5837465203322415,0.6553167173207166
2018-05-16 09:30:00,0.5890331060305525,0.7171610697744266
2018-05-16 10:00:00,0.6224307190362636,0.7044430424101015
2018-05-16 10:30:00,0.6493227240748625,0.7005711955254798
2018-05-16 11:00:00,0.4996398703066039,0.6842806441804415
2018-05-16 11:30:00,0.5381077958922357,0.7545064612049389
2018-05-16 12:00:00,0.5871456378105862,0.7723729669013539
2018-05-16 12:30:00,0.6174949392505172,0.7656631112963456
2018-05-16 13:00:00,0.5458388040438312,0.8020473801465846
2018-05-16 13:30:00,0.5448853090330111,0.8392854103342914
2018-05-16 14:00:00,0.4365775990588615,0.8730177546877268
2018-05-16 14:30:00,0.5341348144429455,0.8926813541236311
2018-05-16 15:00:00,0.5644111976210252,0.8937561188601731
2018-05-16 15:30:00,0.47273671319244925,0.8613942186943212
2018-05-16 16:00:00,0.4995397882051038,0.8821337767028309
2018-05-16 16:30:00,0.49556028896593396,0.9500736813531885
2018-05-16 17:00:00,0.5200576891076604,0.8553829551727109
2018-05-16 17:30:00,0.4928894399355701,0.8816348450464059
2018-05-16 18:00:00,0.48863073992535505,0.8126499861564017
2018-05-16 18:30:00,0.48439653177949155,0.8509289041982296
2018-05-16 19:00:00,0.49213819197457126,0.8461205587858033
2018-05-16 19:30:00,0.5012584163881939,0.7796409429987627
2018-05-16 20:00:00,0.46158422850006475,0.7387015635559465
2018-05-16 20:30:00,0.4239811316556434,0.7890247144418228
2018-05-16 21:00:00,0.45952149024827993,0.7622597982315479
2018-05-16 21:30:00,0.5009790414777847,0.7475827713370607
2018-05-16 22:00:00,0.4472135954999579,0.7292187600439255
2018-05-16 22:30:00,0.45115407567703514,0.6925893444170218
2018-05-16 23:00:00,0.5039444413821824,0.7033633484906646
2018-05-16 23:30:00,0.4555216789572149,0.7321748425068975
2018-05-17 00:00:00,0.5406847510333539,0.6921271559475181
2018-05-17 00:30:00,0.4976946855251721,0.6534829760598205
2018-05-17 01:00:00,0.5195959969052879,0.6438633395372034
2018-05-17 01:30:00,0.4591078304712303,0.648505975300151
2018-05-17 02:00:00,0.5350140185079266,0.709816877793139
2018-05-17 02:30:00,0.4931936739253657,0.6227037819059716
2018-05-17 03:00:00,0.5789645930452051,0.6948956756233269
2018-05-17 03:30:00,0.49739320461783554,0.6352322409953701
2018-05-17 04:00:00,0.6935993079581322,0.45886817279039954
2018-05-17 04:30:00,0.6980687645210892,0.43072032689437817
2018-05-17 05:00:00,0.6876772498781678,0.5209990403062178
2018-05-17 05:30:00,0.5101568386290631,0.7039886362719217
2018-05-17 06:00:00,0.5706838003658418,0.5840547919502073
2018-05-17 06:30:00,0.492909728043584,0.7762989115025216
2018-05-17 07:00:00,0.43034869582700025,0.7234915341591773
2018-05-17 07:30:00,0.5960704656330491,0.5812400536783404
2018-05-17 08:00:00,0.6132373113240909,0.6128621378417825
2018-05-17 08:30:00,0.634602237626058,0.5487440204685606
2018-05-17 09:00:00,0.7158631154068493,0.43726422218150895
2018-05-17 09:30:00,0.6783509416224023,0.5477955823115043
2018-05-17 10:00:00,0.7707399042478597,0.4685296148590823
2018-05-17 10:30:00,0.7424149782971785,0.5561294813260668
2018-05-17 11:00:00,0.6478425734698207,0.5637730039652484
2018-05-17 11:30:00,0.608276253029822,0.6494921092669256
2018-05-17 12:00:00,0.6124377519389215,0.6569627082262737
2018-05-17 12:30:00,0.6841929552399674,0.6418722614352484
2018-05-17 13:00:00,0.5037459677257973,0.5019163276881915
2018-05-17 13:30:00,0.6911729161360418,0.2507588482985197
2018-05-17 14:00:00,0.7232565243397392,0.22908513701242167
2018-05-17 14:30:00,0.4749105178873173,0.5445732273992177
2018-05-17 15:00:00,0.45882458521748803,0.5622810685057785
2018-05-17 15:30:00,0.48495360602845294,0.5886255176255953
2018-05-17 16:00:00,0.7158910531638177,0.2357965224510319
2018-05-17 16:30:00,0.4883646178829911,0.5888972745734182
2018-05-17 17:00:00,0.4600217386167745,0.6438012115552441
2018-05-17 17:30:00,0.487011293503549,0.6393121303401024
2018-05-17 18:00:00,0.4645212589322474,0.6040529778090662
2018-05-17 18:30:00,0.39527205820801453,0.575986110943658
2018-05-17 19:00:00,0.5159263513332111,0.5782041162081086
2018-05-17 19:30:00,0.6819090848492928,0.22503333086456326
2018-05-17 20:00:00,0.7273101126754666,0.2509183134009951
2018-05-17 20:30:00,0.653008422610306,0.23562682360037024
2018-05-17 21:00:00,0.625475818877117,0.25203174403237383
2018-05-17 21:30:00,0.6314903007964572,0.2327230113246217
2018-05-17 22:00:00,0.648660157555557,0.2873325599370875
2018-05-17 22:30:00,0.5776157892578768,0.356202189774291
2018-05-17 23:00:00,0.5935654976495854,0.36834766186308276
2018-05-17 23:30:00,0.5877754673342533,0.3752332607858743
2018-05-18 00:00:00,0.5677323312970646,0.3569873947354444
2018-05-18 00:30:00,0.6196450596914332,0.35631446785108234
2018-05-18 01:00:00,0.5273897989153754,0.47715825467029277
2018-05-18 01:30:00,0.6359559733189082,0.3952720582080145
2018-05-18 02:00:00,0.5707889277132134,0.5053315743153202
2018-05-18 02:30:00,0.6297142208970669,0.4666476186588763
2018-05-18 03:00:00,0.4771372968025032,0.5712442559886269
2018-05-18 03:30:00,0.581222848828227,0.49590321636383844
2018-05-18 04:00:00,0.540314723101268,0.49903907662626984
2018-05-18 04:30:00,0.4167013318913199,0.6142963454229562
2018-05-18 05:00:00,0.4763821994995195,0.5638439500429174
2018-05-18 05:30:00,0.4549945054613297,0.616311609496365
2018-05-18 06:00:00,0.4381552236365555,0.6174787445734469
2018-05-18 06:30:00,0.44705704334010893,0.5472842040475862
2018-05-18 07:00:00,0.5226471084776038,0.5463332316453027
2018-05-18 07:30:00,0.42381599781037055,0.5973273809227232
2018-05-18 08:00:00,0.4185928809714757,0.6024616170346456
2018-05-18 08:30:00,0.3931411960097797,0.6244357452933008
2018-05-18 09:00:00,0.35810612952028625,0.6292853089020909
2018-05-18 09:30:00,0.3948923904052849,0.5428812024743535
2018-05-18 10:00:00,0.3807623931009994,0.6539724764850582
2018-05-18 10:30:00,0.3272002444986862,0.5939023488756379
2018-05-18 11:00:00,0.36309778297312695,0.5897117940146694
2018-05-18 11:30:00,0.4161490117734271,0.5528109984434101
2018-05-18 12:00:00,0.4442296703283111,0.5039841267341661
2018-05-18 12:30:00,0.43970444619084764,0.5597856732714762
2018-05-18 13:00:00,0.3943095230906806,0.5965903116880126
2018-05-18 13:30:00,0.4132795663954365,0.5863104979445617
2018-05-18 14:00:00,0.4660042918257299,0.4743838108536167
2018-05-18 14:30:00,0.4030136474115982,0.5536063583449886
2018-05-18 15:00:00,0.42572291458177347,0.5659681969863678
2018-05-18 15:30:00,0.4654245373849556,0.5920135133592813
2018-05-18 16:00:00,0.5178416746458322,0.5757082594509132
2018-05-18 16:30:00,0.43430404096669417,0.5347896782848375
2018-05-18 17:00:00,0.45910783047123027,0.6047148088148661
2018-05-18 17:30:00,0.49695070178036777,0.5608564878825956
2018-05-18 18:00:00,0.441837074044268,0.587741439750508
2018-05-18 18:30:00,0.40029988758429597,0.6157272123270173
2018-05-18 19:00:00,0.4127468958090418,0.5421438923385562
2018-05-18 19:30:00,0.44267369472332546,0.5439852939188705
2018-05-18 20:00:00,0.46882832678924163,0.5706137047074842
2018-05-18 20:30:00,0.4584539235299442,0.5872648465556234
2018-05-18 21:00:00,0.3881752181682906,0.6142963454229562
2018-05-18 21:30:00,0.47868570064291655,0.5880136052847756
2018-05-18 22:00:00,0.4012978943378596,0.5704033660489741
2018-05-18 22:30:00,0.39952471763333985,0.5673799432479085
2018-05-18 23:00:00,0.46621883273844694,0.6098524411691733
2018-05-18 23:30:00,0.4786439177509727,0.5785499114164655
2018-05-19 00:00:00,0.42619244479460217,0.5842602159996861
2018-05-19 00:30:00,0.38887015827908417,0.6114245660749983
2018-05-19 01:00:00,0.4326892649465664,0.5335916041318491
2018-05-19 01:30:00,0.4091943303615043,0.5579247261055922
2018-05-19 02:00:00,0.4506661735697499,0.5385907537267977
2018-05-19 02:30:00,0.4635299343084543,0.5058062870309146
2018-05-19 03:00:00,0.46741844208375,0.487934421823261
2018-05-19 03:30:00,0.43708122814872746,0.5003198976654836
2018-05-19 04:00:00,0.4360963196359262,0.5417010245513664
2018-05-19 04:30:00,0.45035541520003947,0.4741307836451879
2018-05-19 05:00:00,0.37868192457522976,0.48957124098541566
2018-05-19 05:30:00,0.42379240200834173,0.5336665625650533
2018-05-19 06:00:00,0.4114122020553109,0.45999999999999996
2018-05-19 06:30:00,0.3505139084258997,0.5023146424304193
2018-05-19 07:00:00,0.37322915213043045,0.4881802945633918
2018-05-19 07:30:00,0.44669900380457533,0.4889989775040434
2018-05-19 08:00:00,0.46769648277488673,0.3991991983959887
2018-05-19 08:30:00,0.5941380311005178,0.32520762598684555
2018-05-19 09:00:00,0.5964394353159421,0.23460605277784288
2018-05-19 09:30:00,0.6040860865803813,0.24641428530018306
2018-05-19 10:00:00,0.5911514188429222,0.29380265485526164
2018-05-19 10:30:00,0.6029261978053366,0.29799328851502677
2018-05-19 11:00:00,0.5648008498577175,0.35665109000254014
2018-05-19 11:30:00,0.5491447896502342,0.3603331791550703
2018-05-19 12:00:00,0.5358731193109055,0.3671511950137164
2018-05-19 12:30:00,0.5444446712017669,0.3773592452822641
2018-05-19 13:00:00,0.5313943921420323,0.3748066168039193
2018-05-19 13:30:00,0.509862726623549,0.36452709089997687
2018-05-19 14:00:00,0.4898979485566356,0.3683476618630828
2018-05-19 14:30:00,0.5773387220687696,0.3662785825024444
2018-05-19 15:00:00,0.513926064721376,0.40407920015759285
2018-05-19 15:30:00,0.5280909012660604,0.40009998750312403
2018-05-19 16:00:00,0.5107641334314694,0.4025916044827562
2018-05-19 16:30:00,0.5221302519486876,0.39293765408777004
2018-05-19 17:00:00,0.47195338752889565,0.40179596812312585
2018-05-19 17:30:00,0.4772630302045194,0.3827270567911289
2018-05-19 18:00:00,0.5117616632769594,0.4088031311034689
2018-05-19 18:30:00,0.4760882271176215,0.3959797974644666
2018-05-19 19:00:00,0.46260134024881505,0.4412708918566916
2018-05-19 19:30:00,0.4897550408112202,0.42764471234893114
2018-05-19 20:00:00,0.4319953703455628,0.425205832509386
2018-05-19 20:30:00,0.4480401767698964,0.48141458224694444
2018-05-19 21:00:00,0.4346722903521686,0.43680659335683114
2018-05-19 21:30:00,0.4480624956409541,0.4092920717531675
2018-05-19 22:00:00,0.4167013318913199,0.42009522729971593
2018-05-19 22:30:00,0.41887945760087103,0.4373556904854446
2018-05-19 23:00:00,0.40985363241040074,0.4339585233636966
2018-05-19 23:30:00,0.4380867494001615,0.39537324138085017
2018-05-20 00:00:00,0.34519559672742056,0.4427188724235731
2018-05-20 00:30:00,0.3254228019054596,0.434234959440163
2018-05-20 01:00:00,0.3516532382902225,0.49299087212645226
2018-05-20 01:30:00,0.3417308882732142,0.5427338205787438
2018-05-20 02:00:00,0.34397674339989903,0.5183049295540223
2018-05-20 02:30:00,0.3171119676076575,0.4798333043880968
2018-05-20 03:00:00,0.2909295447354909,0.4603476946830515
2018-05-20 03:30:00,0.35182381954609043,0.45782092569038385
2018-05-20 04:00:00,0.3041710045352778,0.4852215988597374
2018-05-20 04:30:00,0.4074309757492672,0.43340512225860917
2018-05-20 05:00:00,0.5530641915727323,0.25155516293648195
2018-05-20 05:30:00,0.600416522091123,0.311384007296457
2018-05-20 06:00:00,0.5351635264103861,0.43201851812161945
2018-05-20 06:30:00,0.5562912906023245,0.46320621757485075
2018-05-20 07:00:00,0.5590706574307043,0.520461333818373
2018-05-20 07:30:00,0.5289234349128425,0.6063002556489647
2018-05-20 08:00:00,0.5117030388809509,0.5990659396093221
2018-05-20 08:30:00,0.5124646329260196,0.6064981450919698
2018-05-20 09:00:00,0.5208262666187258,0.6403124237432849
2018-05-20 09:30:00,0.49527769988159165,0.5983310120660635
2018-05-20 10:00:00,0.4893873721296862,0.6407495610611059
2018-05-20 10:30:00,0.5362462121078339,0.596992462263972
2018-05-20 11:00:00,0.45135351998184303,0.6583008430801225
2018-05-20 11:30:00,0.4592602747897971,0.6912597196423353
2018-05-20 12:00:00,0.43455724594119927,0.6921271559475181
2018-05-20 12:30:00,0.4440045044816549,0.6883603707361429
2018-05-20 13:00:00,0.4414974518612763,0.7352822587278983
2018-05-20 13:30:00,0.42734061356253045,0.7394051663330464
2018-05-20 14:00:00,0.38105117766515295,0.796994353806851
2018-05-20 14:30:00,0.3794733192202055,0.7908476465160656
2018-05-20 15:00:00,0.3511694747554234,0.7859770989030151
2018-05-20 15:30:00,0.4042771326701524,0.8634350004487888
2018-05-20 16:00:00,0.402616442783948,0.8554764754217384
2018-05-20 16:30:00,0.36243620128237747,0.8636202869317047
2018-05-20 17:00:00,0.37280021459221296,0.8970172796551915
2018-05-20 17:30:00,0.3109662361093243,0.9277930803794561
2018-05-20 18:00:00,0.3338562564937192,0.8582773444522463
2018-05-20 18:30:00,0.33142118218363775,0.9322660564452617
2018-05-20 19:00:00,0.3233573874214103,0.8707238368162432
2018-05-20 19:30:00,0.30423674991690275,0.941403207982637
2018-05-20 20:00:00,0.37621802189687836,0.8275264346230881
2018-05-20 20:30:00,0.3730683583473678,0.8628325445878824
2018-05-20 21:00:00,0.339882332579968,0.8935770811743103
2018-05-20 21:30:00,0.331028699662129,0.8342661445845683
2018-05-20 22:00:00,0.34035275817892235,0.9279224105495029
2018-05-20 22:30:00,0.32314083616899925,0.8666717948566227
2018-05-20 23:00:00,0.35097008419522036,0.8040398000099249
2018-05-20 23:30:00,0.35094159058168073,0.7749580633814968
2018-05-21 00:00:00,0.33546981980500123,0.8022967032214454
2018-05-21 00:30:00,0.3343351611781208,0.7754740485664237
2018-05-21 01:00:00,0.37923607423345157,0.7645652359347762
2018-05-21 01:30:00,0.36169047540680416,0.7711809126268621
2018-05-21 02:00:00,0.36155220923125336,0.7740284232507227
2018-05-21 02:30:00,0.3628222705402743,0.7608416392390732
2018-05-21 03:00:00,0.3803156583681509,0.7348469228349533
2018-05-21 03:30:00,0.37833847279915905,0.7553012643971939
2018-05-21 04:00:00,0.3691341219665286,0.6939740629158989
2018-05-21 04:30:00,0.3961312913668901,0.7162122590405723
2018-05-21 05:00:00,0.37159117319979496,0.7238784428341544
2018-05-21 05:30:00,0.34876926470089076,0.70410226529958
2018-05-21 06:00:00,0.39491771294790007,0.7325571650048888
2018-05-21 06:30:00,0.36480131578710073,0.7212766459549345
2018-05-21 07:00:00,0.34409301068170506,0.7608416392390731
2018-05-21 07:30:00,0.3749399951992319,0.7806663820096265
2018-05-21 08:00:00,0.33938179090811577,0.7484918169225366
2018-05-21 08:30:00,0.36482872693909396,0.7449563745616249
2018-05-21 09:00:00,0.44654227123532214,0.7662375610735875
2018-05-21 09:30:00,0.42280018921471646,0.7587885080837743
2018-05-21 10:00:00,0.442131202246573,0.7058045055112641
2018-05-21 10:30:00,0.46525261955200214,0.6833447153523615
2018-05-21 11:00:00,0.40558599581346494,0.7403242532836541
2018-05-21 11:30:00,0.48906032347758494,0.6805292058391028
2018-05-21 12:00:00,0.7239198850701642,0.40772539778630423
2018-05-21 12:30:00,0.7341934350019754,0.39597979746446665
2018-05-21 13:00:00,0.5460586049134287,0.5523766830705293
2018-05-21 13:30:00,0.5800172411230549,0.5551936599061628
2018-05-21 14:00:00,0.6992710490217652,0.4095851559810243
2018-05-21 14:30:00,0.7042442758020827,0.4628606701805631
2018-05-21 15:00:00,0.6559878047646923,0.4857159663836469
2018-05-21 15:30:00,0.625939294181153,0.46251486462599234
2018-05-21 16:00:00,0.6586956808724344,0.5475764786767233
2018-05-21 16:30:00,0.6552098900352467,0.5210758102234261
2018-05-21 17:00:00,0.6664082832618454,0.5062015408905824
2018-05-21 17:30:00,0.6081940479813986,0.5391845695121477
2018-05-21 18:00:00,0.5508901886946254,0.5967914208498645
2018-05-21 18:30:00,0.5512531179050146,0.5966573556070519
2018-05-21 19:00:00,0.5209990403062178,0.5888972745734183
2018-05-21 19:30:00,0.5036665563644265,0.579378977871997
2018-05-21 20:00:00,0.52406106514413,0.6104424624811089
2018-05-21 20:30:00,0.511468474101777,0.5953822301681501
2018-05-21 21:00:00,0.46773924359625846,0.5897117940146696
2018-05-21 21:30:00,0.44656466497025943,0.5822714143764915
2018-05-21 22:00:00,0.5013581554138719,0.5960536888569686
2018-05-21 22:30:00,0.5108032889479079,0.5680845007567096
2018-05-21 23:00:00,0.4672900598129603,0.5719440532080038
2018-05-21 23:30:00,0.5050544525098258,0.5356117997206559
2018-05-22 00:00:00,0.5024539779920146,0.5719440532080039
2018-05-22 00:30:00,0.4675467891024384,0.5560575509783138
2018-05-22 01:00:00,0.482058087786109,0.5260418234323199
2018-05-22 01:30:00,0.5272001517450465,0.5371778104129024
2018-05-22 02:00:00,0.516952609046516,0.548014598345701
2018-05-22 02:30:00,0.5582293435497636,0.473539861046565
2018-05-22 03:00:00,0.5485617558671039,0.49177230503557234
2018-05-22 03:30:00,0.5990325533725191,0.39130550724465907
2018-05-22 04:00:00,0.6309358129001713,0.4078234912311943
2018-05-22 04:30:00,0.5475764786767232,0.468187996428785
2018-05-22 05:00:00,0.5565608681896347,0.44
2018-05-22 05:30:00,0.5458937625582472,0.5264218840435873
2018-05-22 06:00:00,0.5734806012412277,0.4368981574692208
2018-05-22 06:30:00,0.593902348875638,0.4607819440906946
2018-05-22 07:00:00,0.5486164416056084,0.4608687448721165
2018-05-22 07:30:00,0.5598035369663182,0.5019960159204454
2018-05-22 08:00:00,0.5695787917400016,0.4369897023958345
2018-05-22 08:30:00,0.5588917605404466,0.4449719092257397
2018-05-22 09:00:00,0.6040198672229251,0.44208596449107046
2018-05-22 09:30:00,0.6220932405998315,0.3808411742445924
2018-05-22 10:00:00,0.5975784467331465,0.4144393803682271
2018-05-22 10:30:00,0.6260511161239152,0.43340512225860917
2018-05-22 11:00:00,0.6283788666083543,0.4681025528663564
2018-05-22 11:30:00,0.6195320814937673,0.49087676661255825
2018-05-22 12:00:00,0.6497076265521284,0.5033487856347723
2018-05-22 12:30:00,0.6365689279253268,0.5424389366555465
2018-05-22 13:00:00,0.6615285330203075,0.5097450343063678
2018-05-22 13:30:00,0.6780707927642954,0.5510716831774247
2018-05-22 14:00:00,0.6475028957464205,0.5582114294781144
2018-05-22 14:30:00,0.5928406193910805,0.5730619512757761
2018-05-22 15:00:00,0.5552296822036804,0.6166360352752667
2018-05-22 15:30:00,0.5235265036270847,0.6301745789858554
2018-05-22 16:00:00,0.5766628130892435,0.5883536351549126
2018-05-22 16:30:00,0.5418855967821989,0.6168954530550538
2018-05-22 17:00:00,0.48425200051213,0.6069596362197408
2018-05-22 17:30:00,0.5303960784168752,0.5698420833880208
2018-05-22 18:00:00,0.5723285769555806,0.5732015352386978
2018-05-22 18:30:00,0.5137898403043797,0.5722936309273414
2018-05-22 19:00:00,0.5234309887654723,0.5652610016620642
2018-05-22 19:30:00,0.4941052519453724,0.5504906902028408
2018-05-22 20:00:00,0.5269345310377751,0.5425126726630449
2018-05-22 20:30:00,0.5075431016179808,0.5417748609893228
2018-05-22 21:00:00,0.493051721424842,0.5373267162537148
2018-05-22 21:30:00,0.4924428900898052,0.5250523783395329
2018-05-22 22:00:00,0.47501578921126403,0.5149757275833492
2018-05-22 22:30:00,0.516817182376902,0.5255092767972798
2018-05-22 23:00:00,0.518787046869908,0.5419225036847981
2018-05-22 23:30:00,0.4493550934394758,0.5401481278316163
2018-05-23 00:00:00,0.4903672093441812,0.5290746639180524
2018-05-23 00:30:00,0.4740885993145163,0.44181444068749043
2018-05-23 01:00:00,0.5185171164002207,0.4618224767158914
2018-05-23 01:30:00,0.5388506286532474,0.46946778377222015
2018-05-23 02:00:00,0.48602469073083104,0.4644997308933559
2018-05-23 02:30:00,0.5012384662014678,0.4805829793074241
2018-05-23 03:00:00,0.46091213913282864,0.4730327684209626
2018-05-23 03:30:00,0.5095488200359215,0.4154996991575325
2018-05-23 04:00:00,0.5538952969650491,0.4187600745056768
2018-05-23 04:30:00,0.48108211357314046,0.4295113502574758
2018-05-23 05:00:00,0.554869353992451,0.4437116180583962
2018-05-23 05:30:00,0.49923942152037637,0.43908996800200306
2018-05-23 06:00:00,0.6038874067241342,0.4
2018-05-23 06:30:00,0.5428259389528102,0.4126984371184364
2018-05-23 07:00:00,0.5512531179050147,0.4864565756570673
2018-05-23 07:30:00,0.5040238089614418,0.4078234912311943
2018-05-23 08:00:00,0.5103332244720111,0.4652741127550511
2018-05-23 08:30:00,0.5574405797930395,0.3988984833262719
2018-05-23 09:00:00,0.6014648784426236,0.3186220331364421
2018-05-23 09:30:00,0.67281498199728,0.2873325599370875
2018-05-23 10:00:00,0.6410304204950027,0.30265491900843117
2018-05-23 10:30:00,0.6397343198547347,0.34825278175486263
2018-05-23 11:00:00,0.631458628890286,0.3923263947276553
2018-05-23 11:30:00,0.5695085600761415,0.44953309110676154
2018-05-23 12:00:00,0.634712533356637,0.4293250516799597
2018-05-23 12:30:00,0.6252519492172736,0.44488200682877704
2018-05-23 13:00:00,0.6396874236687791,0.43349740483652266
2018-05-23 13:30:00,0.625395874626624,0.477995815881269
2018-05-23 14:00:00,0.6204192131131981,0.512249938994628
2018-05-23 14:30:00,0.6020631196145467,0.5340411969127475
2018-05-23 15:00:00,0.5781695253124295,0.5488897885732618
2018-05-23 15:30:00,0.5242518478746642,0.6049793384901669
2018-05-23 16:00:00,0.5498545262157983,0.577026862459626
2018-05-23 16:30:00,0.5423651906234397,0.6207737107835672
2018-05-23 17:00:00,0.5201538234022701,0.589576118919347
2018-05-23 17:30:00,0.4872986763782558,0.6250759953797618
2018-05-23 18:00:00,0.536414019205315,0.5725032750998024
2018-05-23 18:30:00,0.49252411108492955,0.6061682934631273
2018-05-23 19:00:00,0.44705704334010893,0.5817215828899595
2018-05-23 19:30:00,0.4584975463402177,0.5909314681077663
2018-05-23 20:00:00,0.4613675324510819,0.6162467038451402
2018-05-23 20:30:00,0.43673790767461446,0.6082104898799429
2018-05-23 21:00:00,0.477577218887166,0.5660388679233962
2018-05-23 21:30:00,0.4638318660894269,0.6183203053434361
2018-05-23 22:00:00,0.4107067080046296,0.6201935181860577
2018-05-23 22:30:00,0.47901983257481107,0.5584979856722851
2018-05-23 23:00:00,0.43852023898561404,0.6133840558736428
2018-05-23 23:30:00,0.42645046605672743,0.6409368143584826
2018-05-24 00:00:00,0.4382921400162225,0.7039886362719217
2018-05-24 00:30:00,0.39438559811433277,0.6679520940905868
2018-05-24 01:00:00,0.46104229740881697,0.6615134163416491
2018-05-24 01:30:00,0.4344191524323024,0.6804704255145847
2018-05-24 02:00:00,0.46756817684697066,0.6347282883250123
2018-05-24 02:30:00,0.42095130359698385,0.7271863585079138
2018-05-24 03:00:00,0.46045629542878447,0.6931666466297985
2018-05-24 03:30:00,0.4411802352780551,0.6649511260235598
2018-05-24 04:00:00,0.47438381085361675,0.705747830319017
2018-05-24 04:30:00,0.4192374029115246,0.6916068247205199
2018-05-24 05:00:00,0.4313003593784731,0.6764613810115105
2018-05-24 05:30:00,0.5226471084776037,0.6447325026706813
2018-05-24 06:00:00,0.5252428009977862,0.6367417058745249
2018-05-24 06:30:00,0.6302221830434089,0.5559856113246097
2018-05-24 07:00:00,0.45677127755584634,0.7445804187594514
2018-05-24 07:30:00,0.47377209710999235,0.6051776598652664
2018-05-24 08:00:00,0.4821825380496478,0.7581028953908565
2018-05-24 08:30:00,0.6461733513539536,0.5323908338805244
2018-05-24 09:00:00,0.44804017676989644,0.7149265696559333
2018-05-24 09:30:00,0.7139047555521675,0.4999199935989758
2018-05-24 10:00:00,0.6971083129614795,0.5483794306864546
2018-05-24 10:30:00,0.7216924552744057,0.5962549790148506
2018-05-24 11:00:00,0.6530543622088439,0.6550114502815961
2018-05-24 11:30:00,0.6825393761534935,0.6912597196423353
2018-05-24 12:00:00,0.7255342858886822,0.6982836100038438
2018-05-24 12:30:00,0.6586956808724344,0.734520251592834
2018-05-24 13:00:00,0.693123365642798,0.7149265696559333
2018-05-24 13:30:00,0.7345883200813909,0.7571525605847212
2018-05-24 14:00:00,0.7499999999999999,0.7811785967370074
2018-05-24 14:30:00,0.7608942107809731,0.8087026647662292
2018-05-24 15:00:00,0.6950107912831281,0.9637011985050137
2018-05-24 15:30:00,0.7685440781113339,0.8212673133639254
2018-05-24 16:00:00,0.8215838362577491,0.9784886304909219
2018-05-24 16:30:00,0.6880697639047948,0.9893432164825309
2018-05-24 17:00:00,0.7896328260653809,0.9419978768553569
2018-05-24 17:30:00,0.734547479745183,0.8623688306055594
2018-05-24 18:00:00,0.8024213357083673,0.898576652267351
2018-05-24 18:30:00,0.7833517728326145,0.9736529155710467
2018-05-24 19:00:00,0.87840765023991,0.8667640970875524
2018-05-24 19:30:00,0.8532291603080616,0.9330809182487872
2018-05-24 20:00:00,0.7804229622454736,1.0349106241603667
2018-05-24 20:30:00,0.8370185183136631,0.9172567797514498
2018-05-24 21:00:00,0.8292767933567174,0.9414032079826369
2018-05-24 21:30:00,0.8428878929015412,0.8636202869317047
2018-05-24 22:00:00,0.9045109175681628,0.9017316674044447
2018-05-24 22:30:00,0.921878516942444,0.9075681792570738
2018-05-24 23:00:00,1.0210680682501045,0.6595149732947692
2018-05-24 23:30:00,0.8641527642726141,0.9550287953773959
2018-05-25 00:00:00,1.0684755495564697,0.661331989245946
2018-05-25 00:30:00,0.9447751055145346,1.004509830713468
2018-05-25 01:00:00,0.9045440840556086,1.0097128304622063
2018-05-25 01:30:00,1.0533090714505406,0.7836836096282734
2018-05-25 02:00:00,1.1294334863107256,0.8043382373106479
2018-05-25 02:30:00,1.2710389451153727,0.7575222769001583
2018-05-25 03:00:00,0.9576220548838671,1.0530716974641374
2018-05-25 03:30:00,1.2179819374686967,0.7408103670980855
2018-05-25 04:00:00,1.091640966618604,0.8588364221433555
2018-05-25 04:30:00,1.1718276323760248,0.8244270737912481
2018-05-25 05:00:00,1.369970802608581,0.7419433940672294
2018-05-25 05:30:00,1.2996538000559996,1.053755189785559
2018-05-25 06:00:00,1.403374504542533,0.785468013352549
2018-05-25 06:30:00,1.3220816918783802,0.8641759080187321
2018-05-25 07:00:00,1.344328828821282,0.8330666239863413
2018-05-25 07:30:00,1.5108739192930694,0.7914038160130389
2018-05-25 08:00:00,1.389798546552701,0.9374433316206371
2018-05-25 08:30:00,1.4012779881236985,0.8428048409922667
2018-05-25 09:00:00,1.546389342953449,0.8538852381907068
2018-05-25 09:30:00,1.4603766637412416,0.9213468402290205
2018-05-25 10:00:00,1.3836907168872674,1.0361853116117792
2018-05-25 10:30:00,1.541272201786563,1.1065622440694425
2018-05-25 11:00:00,1.4684753998620477,1.164954934750697
2018-05-25 11:30:00,1.5476692153040974,1.1645771764893902
2018-05-25 12:00:00,1.7262966141425407,1.0953720829015132
2018-05-25 12:30:00,1.894961741038589,1.1911339135462478
2018-05-25 13:00:00,1.6926429038636592,1.1716654812701448
2018-05-25 13:30:00,1.8758677991798889,1.3028890973524954
2018-05-25 14:00:00,1.8490375875032936,1.148146332137154
2018-05-25 14:30:00,1.7328300551410112,1.3659868227768523
2018-05-25 15:00:00,1.9544001637331083,1.3429221868745782
2018-05-25 15:30:00,2.103924903602788,1.1279716308489323
2018-05-25 16:00:00,2.160379596274692,1.379362171440119
2018-05-25 16:30:00,2.3849863731266896,1.171221584500559
2018-05-25 17:00:00,2.1187637905155925,1.1809148995588123
2018-05-25 17:30:00,2.1190752700175617,1.2491917386854587
2018-05-25 18:00:00,2.269911892563233,1.0019580829555694
2018-05-25 18:30:00,2.1941741043043965,1.2274852341270748
2018-05-25 19:00:00,2.153109379478897,1.2229145513894255
2018-05-25 19:30:00,1.9834464953711257,1.1208568151195764
2018-05-25 20:00:00,2.184403808822902,1.1324310133513653
2018-05-25 20:30:00,2.1513251730038396,1.0861307471939095
2018-05-25 21:00:00,2.2411202555864778,1.0747650906128279
2018-05-25 21:30:00,2.5069184270733658,1.1127982746212361
2018-05-25 22:00:00,2.2269171515797352,1.1155626383130621
2018-05-25 22:30:00,2.4855019613752067,1.0299126176525852
2018-05-25 23:00:00,2.339726479740741,1.3298721743084934
2018-05-25 23:30:00,2.5010997581064216,1.319333164898086
2018-05-26 00:00:00,2.140574689189798,1.6685083158318392
2018-05-26 00:30:00,1.9248740218518199,1.5828581743163221
2018-05-26 01:00:00,2.166707179108428,1.4901006677402708
2018-05-26 01:30:00,2.0730171248689673,1.6339400233790713
2018-05-26 02:00:00,2.060611559707457,1.6568403664807299
2018-05-26 02:30:00,2.326065347319374,1.4899395960910633
2018-05-26 03:00:00,2.0591454538230174,1.4176600438751175
2018-05-26 03:30:00,2.0953090464177353,1.5733276836056753
2018-05-26 04:00:00,1.9353345963941222,1.7417118016480224
2018-05-26 04:30:00,2.1356216893448146,1.692382935390215
2018-05-26 05:00:00,1.7847240683085999,1.6521259031926108
2018-05-26 05:30:00,2.119094146091674,1.4603013387653936
2018-05-26 06:00:00,2.0633080235388994,1.5154141348159584
2018-05-26 06:30:00,2.266367137072015,1.149747798432334
2018-05-26 07:00:00,2.455886805209068,1.067145725756328
2018-05-26 07:30:00,2.1981765170249634,1.0319689917822144
2018-05-26 08:00:00,2.41902873070991,1.0844722218664709
2018-05-26 08:30:00,2.1314830517740457,1.0873453913085758
2018-05-26 09:00:00,2.1160056710699053,1.0913844418902077
2018-05-26 09:30:00,2.2802499862953622,1.0703644239229928
2018-05-26 10:00:00,2.033882985818014,1.290085268499722
2018-05-26 10:30:00,2.2395267357189557,1.0737597496647004
2018-05-26 11:00:00,2.4539559898254084,1.3276144018501757
2018-05-26 11:30:00,2.2573657213663894,1.3871409445330347
2018-05-26 12:00:00,2.2984168464401753,1.2472369462135091
2018-05-26 12:30:00,2.121343913654738,1.2542089140171186
2018-05-26 13:00:00,2.3406452101931214,1.0876396462064077
2018-05-26 13:30:00,2.34365526475205,1.1679726024183958
2018-05-26 14:00:00,2.6707676799002944,1.1439930069716335
2018-05-26 14:30:00,2.3011692680026825,1.266491215919005
2018-05-26 15:00:00,2.0043702252827442,1.4784316013938554
2018-05-26 15:30:00,2.1884103819896303,1.084250893474384
2018-05-26 16:00:00,2.2696211137544524,1.2171441985237408
2018-05-26 16:30:00,2.1701520684044238,1.2774349298496577
2018-05-26 17:00:00,2.2890609428322346,1.1528399715485231
2018-05-26 17:30:00,1.9003368122519757,1.5359687496821024
2018-05-26 18:00:00,2.2066399796976395,0.789278151224269
2018-05-26 18:30:00,2.3159317779243844,0.8592554916903354
2018-05-26 19:00:00,2.029295444236743,1.1072127166899772
2018-05-26 19:30:00,2.157758095802215,1.017093899303304
2018-05-26 20:00:00,2.0664994556011864,0.9756228779605365
2018-05-26 20:30:00,2.114166502430686,0.9922499685059203
2018-05-26 21:00:00,2.2474073952000784,1.0633908030446755
2018-05-26 21:30:00,2.137348825063424,0.947417542586161
2018-05-26 22:00:00,1.9128565027204731,1.2614911811027456
2018-05-26 22:30:00,1.8843141988532592,1.081184535590479
2018-05-26 23:00:00,1.990864133988053,0.8484338512812888
2018-05-26 23:30:00,2.132242950510096,1.0335182630219941
2018-05-27 00:00:00,1.9741732446773763,0.9823237755444993
2018-05-27 00:30:00,2.0633564888307596,1.014928568915074
2018-05-27 01:00:00,1.6310977898335832,1.6259643292520287
2018-05-27 01:30:00,1.547669215304097,1.670616652616632
2018-05-27 02:00:00,1.995860716583199,0.97019585651558
2018-05-27 02:30:00,1.6579022890387718,1.488945935888876
2018-05-27 03:00:00,1.9523780371639092,0.903238617420668
2018-05-27 03:30:00,1.6419561504498223,1.4176036117335482
2018-05-27 04:00:00,1.7590110858092964,1.5740648017156094
2018-05-27 04:30:00,1.854761440185772,1.116709451916657
2018-05-27 05:00:00,1.516324503528186,1.519499917736095
2018-05-27 05:30:00,1.6863333003887457,1.4844258149196947
2018-05-27 06:00:00,1.6949572265989485,1.2962098595520712
2018-05-27 06:30:00,1.4744761781731162,1.5430554105410472
2018-05-27 07:00:00,1.5998749951168059,1.5436126457113521
2018-05-27 07:30:00,1.567839277477127,0.9509574122956295
2018-05-27 08:00:00,1.8286607121059937,0.7995498733662585
2018-05-27 08:30:00,1.9459958889987405,0.8786808294255656
2018-05-27 09:00:00,1.9821856623434646,0.7613146524269712
2018-05-27 09:30:00,2.042890109624108,0.8132896163114343
2018-05-27 10:00:00,1.909251162105185,0.9088454214001411
2018-05-27 10:30:00,1.9152911005901947,0.8808178018182875
2018-05-27 11:00:00,1.9209945340890484,0.9606247966818263
2018-05-27 11:30:00,1.889687804903233,0.9375713306197028
2018-05-27 12:00:00,1.7918035606617149,1.1001454449298966
2018-05-27 12:30:00,1.7962516527480221,1.0815914200843126
2018-05-27 13:00:00,1.8087288353979432,1.0657954775659353
2018-05-27 13:30:00,1.730121383024902,0.996393496566492
2018-05-27 14:00:00,1.6864044591971405,1.1730302638892143
2018-05-27 14:30:00,1.929341856696215,1.0228587390250914
2018-05-27 15:00:00,1.7890723853438688,1.0678202095858647
2018-05-27 15:30:00,1.5573374714556891,1.2460497582360024
2018-05-27 16:00:00,1.7907372783297948,1.0168579055108928
2018-05-27 16:30:00,1.518624377520656,1.1484250084354657
2018-05-27 17:00:00,1.8419500536116606,0.85846374413833
2018-05-27 17:30:00,1.6985111127101875,0.9477974467152778
2018-05-27 18:00:00,1.641231245132751,1.0302232767706232
2018-05-27 18:30:00,1.6370094685126289,1.2028965042762407
2018-05-27 19:00:00,1.681743143289129,1.016975909252525
2018-05-27 19:30:00,1.7175156476725328,0.9465305066399075
2018-05-27 20:00:00,1.364536551360937,1.1031953589460028
2018-05-27 20:30:00,1.7005058071056387,0.8669025320069148
2018-05-27 21:00:00,1.5717251668151146,0.7626270385975048
2018-05-27 21:30:00,1.544215010935977,1.0369956605502262
2018-05-27 22:00:00,1.355241675864493,1.4096382514673758
2018-05-27 22:30:00,1.0901009127599148,1.4501448203541605
2018-05-27 23:00:00,1.4154151334502538,1.019136889725811
2018-05-27 23:30:00,1.3774977313955912,0.8271396496360212
2018-05-28 00:00:00,1.3708610432862987,1.3130727321820372
2018-05-28 00:30:00,1.4230319743421085,1.4173496392915903
2018-05-28 01:00:00,1.1897983022344585,1.395707705789432
2018-05-28 01:30:00,1.0945866799847328,1.6091488433330212
2018-05-28 02:00:00,1.6601505955786058,1.036841357199837
2018-05-28 02:30:00,1.4428097587693258,1.0182730478609359
2018-05-28 03:00:00,1.2582368616441024,1.4707549082019074
2018-05-28 03:30:00,1.5187165634179407,1.0943856724208334
2018-05-28 04:00:00,1.7821896644296868,1.0233279044372825
2018-05-28 04:30:00,1.6152770660168492,1.037496987947435
2018-05-28 05:00:00,1.8538716244659446,0.8909320961779298
2018-05-28 05:30:00,1.5585826894970956,0.9754588663803307
2018-05-28 06:00:00,1.7650495743746122,0.9739815193318608
2018-05-28 06:30:00,1.6192899678562824,1.1231384598525687
2018-05-28 07:00:00,1.331465358167459,1.3053735097664576
2018-05-28 07:30:00,1.5874633854045266,1.073126274023705
2018-05-28 08:00:00,1.4532996938002845,1.3559941002821507
2018-05-28 08:30:00,1.5518118442646325,1.0559924242152496
2018-05-28 09:00:00,1.645715649801022,1.0049079559840293
2018-05-28 09:30:00,1.6124825580452025,1.0646313916093213
2018-05-28 10:00:00,1.7345604630568516,1.020274472874824
2018-05-28 10:30:00,1.5504128482439767,1.1316536572644478
2018-05-28 11:00:00,1.5103840571192482,1.1957926241618988
2018-05-28 11:30:00,1.5733086156250466,1.1704358162667443
2018-05-28 12:00:00,1.6678369224837302,1.1217129757651911
2018-05-28 12:30:00,1.534464075825824,1.268353263093528
2018-05-28 13:00:00,1.6323112448304706,1.2282996377106035
2018-05-28 13:30:00,1.7667823861472016,1.0928128842578677
2018-05-28 14:00:00,1.5473461151274464,1.2754607010802015
2018-05-28 14:30:00,1.6955589049042206,1.078517501017021
2018-05-28 15:00:00,1.6498242330624193,1.2490636492989458
2018-05-28 15:30:00,1.5943650773897429,1.1574800214258558
2018-05-28 16:00:00,1.6712629954618157,1.1376115329935785
2018-05-28 16:30:00,1.6092296293568549,1.2461460588550604
2018-05-28 17:00:00,1.5847460364361226,1.1976309949228934
2018-05-28 17:30:00,1.6232436662436114,1.1848713010280905
2018-05-28 18:00:00,1.3899280556920923,1.1539844019743073
2018-05-28 18:30:00,1.3843626692453102,1.1488080779660281
2018-05-28 19:00:00,1.277998435053815,1.1708800109319486
2018-05-28 19:30:00,1.5658416267298556,0.9729953751174771
2018-05-28 20:00:00,1.3035643444034517,1.0679700370328749
2018-05-28 20:30:00,1.2965029888125983,1.1285388783732706
2018-05-28 21:00:00,1.5434053258946596,0.9891814798104542
2018-05-28 21:30:00,1.609819865699265,0.8552894246978623
2018-05-28 22:00:00,1.5034094585308424,1.0184694398949827
2018-05-28 22:30:00,1.400585591815081,0.9864278990377351
2018-05-28 23:00:00,1.482713728269891,0.9234283946251599
2018-05-28 23:30:00,1.518545356583069,0.899822204660454
2018-05-29 00:00:00,1.5775487314184626,1.0929958828833712
2018-05-29 00:30:00,1.6466329281293994,1.063202708800161
2018-05-29 01:00:00,1.3895754747403972,1.2102561712298763
2018-05-29 01:30:00,1.61115486530625,1.1996332772976912
2018-05-29 02:00:00,0.7846018098373213,1.8026868835158256
2018-05-29 02:30:00,1.5067912927807887,1.2070128416881072
2018-05-29 03:00:00,1.2367942431948815,1.561076551614302
2018-05-29 03:30:00,1.3222934621331228,1.3760523245865326
2018-05-29 04:00:00,1.534490143337519,1.1171750086714256
2018-05-29 04:30:00,1.6023233131924406,1.2187534615335458
2018-05-29 05:00:00,1.5744078251838056,1.3433688994464623
2018-05-29 05:30:00,1.547397815689295,1.1992330882693323
2018-05-29 06:00:00,1.7621350686028583,1.0685691367431496
2018-05-29 06:30:00,1.5235484895466898,1.292408604118682
2018-05-29 07:00:00,1.5277368883417066,1.1303450800529897
2018-05-29 07:30:00,1.6979458177456666,0.9692471305090359
2018-05-29 08:00:00,1.502138475640645,0.9682561644523622
2018-05-29 08:30:00,1.5099403961746305,1.03146497759255
2018-05-29 09:00:00,1.779112138118337,1.0276964532389903
2018-05-29 09:30:00,1.5212889271929906,1.0012392321518369
2018-05-29 10:00:00,1.6372782292573245,1.0518174746599336
2018-05-29 10:30:00,1.6527915779069058,1.0088805677581465
2018-05-29 11:00:00,1.5008864047621993,1.012324058787501
2018-05-29 11:30:00,1.199333148045196,1.3463431954743188
2018-05-29 12:00:00,1.3958438308062977,1.155023809278406
2018-05-29 12:30:00,1.6077188808992697,1.059131719853579
2018-05-29 13:00:00,1.46598772164026,1.0610560776886393
2018-05-29 13:30:00,1.5626899884494048,1.0303397497913007
2018-05-29 14:00:00,1.0601980946974014,1.2753979771036175
2018-05-29 14:30:00,1.452508175536372,1.0305338422390602
2018-05-29 15:00:00,1.4832194712853524,0.9443728077406719
2018-05-29 15:30:00,1.2994306445516823,1.103267873184024
2018-05-29 16:00:00,0.5211909438967642,1.696113203769135
2018-05-29 16:30:00,1.1737887373799427,1.1457050231189527
2018-05-29 17:00:00,1.2616180087490825,1.1979983305497548
2018-05-29 17:30:00,1.3829822847744653,0.9420403388390541
2018-05-29 18:00:00,1.2884874853874213,1.062412349325816
2018-05-29 18:30:00,1.4719782607090366,0.9071714281214991
2018-05-29 19:00:00,1.2949440142338202,0.9144178475948509
2018-05-29 19:30:00,1.0924467950431271,1.1138761151941448
2018-05-29 20:00:00,1.2994383402070298,0.8626934565649609
2018-05-29 20:30:00,1.1315211001125873,1.001119373501482
2018-05-29 21:00:00,1.1497391008398383,0.9124034195464197
2018-05-29 21:30:00,1.1685632203693561,1.0007197409864563
2018-05-29 22:00:00,0.6789992636225758,1.3087092878099398
2018-05-29 22:30:00,1.0122252713699653,0.9754998718605759
2018-05-29 23:00:00,1.17010255960749,0.9299892472496657
2018-05-29 23:30:00,1.3716267713922765,0.7239336986216349
2018-05-30 00:00:00,1.343033878947214,0.6714164132637808
2018-05-30 00:30:00,1.2946350837205054,0.7823042886243179
2018-05-30 01:00:00,1.3926808679665275,0.8435638683585257
2018-05-30 01:30:00,1.2331828737052748,0.898576652267351
2018-05-30 02:00:00,1.1517291348229408,1.0299514551666986
2018-05-30 02:30:00,1.2601587201618691,0.9808975481669837
2018-05-30 03:00:00,0.46887098438696323,1.7188309980914356
2018-05-30 03:30:00,0.8058039463790185,1.3887548379753716
2018-05-30 04:00:00,1.3537355724069602,0.9745152641185256
2018-05-30 04:30:00,1.5334666608700693,0.8760365289187432
2018-05-30 05:00:00,1.3328390750574504,0.9409782144130648
2018-05-30 05:30:00,1.4677601983975448,0.7891260989220924
2018-05-30 06:00:00,0.5226471084776037,1.6378705687568844
2018-05-30 06:30:00,1.4452197064806445,0.8010493118404134
2018-05-30 07:00:00,1.246876096490746,0.9974367147844518
2018-05-30 07:30:00,0.31924911902775865,1.7658482380997524
2018-05-30 08:00:00,0.5309237233350944,1.685793581670069
2018-05-30 08:30:00,1.094184627930771,1.1154909233158288
2018-05-30 09:00:00,0.49618544920221097,1.6722858607307545
2018-05-30 09:30:00,0.46870033070182476,1.5013926868078185
2018-05-30 10:00:00,0.4822032766375607,1.608657825642234
2018-05-30 10:30:00,0.4673756519118213,1.5096754618129022
2018-05-30 11:00:00,0.3105479029071038,1.7396493899633914
2018-05-30 11:30:00,0.340587727318528,1.7044060549059312
2018-05-30 12:00:00,0.3170488921286431,1.708215443086732
2018-05-30 12:30:00,0.3283900120283807,1.625945878558078
2018-05-30 13:00:00,0.29305289624912423,1.6190738093119783
2018-05-30 13:30:00,1.2021480774014488,0.9802856726485398
2018-05-30 14:00:00,0.36997297198579254,1.8023651128447866
2018-05-30 14:30:00,0.31534108517603604,1.8397228052073495
2018-05-30 15:00:00,0.3695402549114237,1.6797976068562548
2018-05-30 15:30:00,0.37448631483673744,1.758294628325981
2018-05-30 16:00:00,0.458475735453906,1.5179130409875263
2018-05-30 16:30:00,0.36337308651026984,1.7897709350640378
2018-05-30 17:00:00,0.3705131576611011,1.667255229411502
2018-05-30 17:30:00,0.8404879535127202,1.2477499749549188
2018-05-30 18:00:00,0.3933446326060646,1.7149868804162904
2018-05-30 18:30:00,0.3540621414384769,1.7190462471963923
2018-05-30 19:00:00,0.45391629184244975,1.6123709250665619
2018-05-30 19:30:00,0.4302557379047954,1.5876334589570729
2018-05-30 20:00:00,0.36392306879339215,1.58346455596581
2018-05-30 20:30:00,0.5004797698209189,1.4213796115042596
2018-05-30 21:00:00,1.2540813370750719,0.6401874725422234
2018-05-30 21:30:00,0.4105118755894889,1.7118294307552957
2018-05-30 22:00:00,0.8443932733033822,1.1621015446164764
2018-05-30 22:30:00,0.4698510402244524,1.4997266417584239
2018-05-30 23:00:00,1.0519505691808906,1.0221937194093889
2018-05-30 23:30:00,0.4186645435190327,1.5424914910624306
2018-05-31 00:00:00,1.1054229959612745,0.8612548983895534
2018-05-31 00:30:00,0.8225083586201422,1.1596551211459383
2018-05-31 01:00:00,0.46026079563656075,1.3757979502819446
2018-05-31 01:30:00,0.49586288427346525,1.3200378782444084
2018-05-31 02:00:00,1.2675409263609598,0.6935704722665175
2018-05-31 02:30:00,0.4869907596659304,1.3966603022925796
2018-05-31 03:00:00,0.47099893842767837,1.4728883189162716
2018-05-31 03:30:00,0.4870318264754368,1.432550173641398
2018-05-31 04:00:00,0.43676080410219964,1.518387302370512
2018-05-31 04:30:00,0.40654643031270116,1.4444099141171802
2018-05-31 05:00:00,0.4193804954930547,1.410935859633598
2018-05-31 05:30:00,0.5174939613174245,1.3670844889764495
2018-05-31 06:00:00,0.98498730956292,0.947713036736332
2018-05-31 06:30:00,0.47150821838012535,1.4889392197131486
2018-05-31 07:00:00,0.5173006862551025,1.4273682075764473
2018-05-31 07:30:00,0.5787227315390332,1.3392087215964508
2018-05-31 08:00:00,0.48012498372819545,1.3173761801399022
2018-05-31 08:30:00,0.7216924552744057,1.1681780686179652
2018-05-31 09:00:00,0.6477962642683269,1.2752882027212515
2018-05-31 09:30:00,1.0433024489571565,0.8312881570189725
2018-05-31 10:00:00,1.2792419630390492,0.7117864848393793
2018-05-31 10:30:00,1.222832776793295,0.7386474125047755
2018-05-31 11:00:00,1.4746185947559458,0.5840547919502074
2018-05-31 11:30:00,1.290333290278136,0.698512705682581
2018-05-31 12:00:00,1.4411245608898628,0.7497199477138113
2018-05-31 12:30:00,1.1757890967346143,0.7826110144893184
2018-05-31 13:00:00,1.4586706276606793,0.7100985847049688
2018-05-31 13:30:00,1.345161700317103,0.49315312023751817
2018-05-31 14:00:00,1.3408579343092244,0.6210958058142076
2018-05-31 14:30:00,1.4030680667736688,0.6537889567742791
2018-05-31 15:00:00,1.459945204451181,0.6161168720299746
2018-05-31 15:30:00,1.3038941674844626,0.6593936608733815
2018-05-31 16:00:00,1.3499703700452097,0.7113367697511496
2018-05-31 16:30:00,1.156875101296592,0.8141252974819048
2018-05-31 17:00:00,1.1706664768412907,0.703306476580445
2018-05-31 17:30:00,1.2834562711678181,0.5976621118993574
2018-05-31 18:00:00,1.082247661120134,0.8566446170962613
2018-05-31 18:30:00,0.8285529554590946,1.1023248160138646
2018-05-31 19:00:00,1.0739366834222583,0.866717947200818
2018-05-31 19:30:00,0.8164435069250048,1.102433671474162
2018-05-31 20:00:00,0.9591141746424143,0.9264556114569117
2018-05-31 20:30:00,0.40826462006889613,1.4147084505296488
2018-05-31 21:00:00,0.3688360069190643,1.3771492293865615
2018-05-31 21:30:00,0.45830121099556365,1.4633728164756923
2018-05-31 22:00:00,0.33376638536557285,1.3901510709271854
2018-05-31 22:30:00,0.7321748425068976,0.9528063811709072
2018-05-31 23:00:00,0.46449973089335583,1.359514619266744
2018-05-31 23:30:00,0.559392527658352,1.1572035257464435
2018-06-01 00:00:00,0.4395452195167183,1.2983836104942177
