2010-09-01T00:28:00	1.52	8.69	7.83	6.07
2010-09-01T00:58:00	1.59	8.94	8.08	6.25
2010-09-01T01:28:00	1.49	8.41	7.63	6.08
2010-09-01T01:58:00	1.61	8.40	7.60	6.09
2010-09-01T02:28:00	1.62	8.38	7.61	6.15
2010-09-01T02:58:00	1.59	8.54	7.73	6.13
2010-09-01T03:28:00	1.59	8.80	7.98	6.33
2010-09-01T03:58:00	1.54	8.13	7.38	5.97
2010-09-01T04:28:00	1.46	8.44	7.60	6.00
2010-09-01T04:58:00	1.51	8.58	7.75	6.10
2010-09-01T05:28:00	1.47	8.22	7.38	5.81
2010-09-01T05:58:00	1.56	8.27	7.46	5.89
2010-09-01T06:28:00	1.53	8.58	7.63	5.81
2010-09-01T06:58:00	1.55	8.21	7.34	5.75
2010-09-01T07:28:00	1.54	8.18	7.32	5.75
2010-09-01T07:58:00	1.55	8.21	7.36	5.81
2010-09-01T08:28:00	1.57	7.77	7.03	5.68
2010-09-01T08:58:00	1.44	8.04	7.21	5.72
2010-09-01T09:28:00	1.44	8.37	7.50	5.84
2010-09-01T09:58:00	1.34	8.12	7.26	5.61
2010-09-01T10:28:00	1.32	8.52	7.59	5.79
2010-09-01T10:58:00	1.32	8.67	7.80	5.98
2010-09-01T11:28:00	1.26	8.49	7.58	5.79
2010-09-01T11:58:00	1.28	9.06	8.15	6.18
2010-09-01T12:28:00	1.21	8.90	8.10	6.33
2010-09-01T12:58:00	1.24	9.41	8.69	6.91
2010-09-01T13:28:00	1.13	9.22	8.41	6.62
2010-09-01T13:58:00	1.19	9.32	8.55	6.82
2010-09-01T14:28:00	1.18	9.11	8.40	6.82
2010-09-01T14:58:00	1.10	9.45	8.66	6.93
2010-09-01T15:28:00	1.18	9.46	8.68	6.99
2010-09-01T15:58:00	1.17	9.73	8.97	7.23
2010-09-01T16:28:00	1.17	9.43	8.63	6.89
2010-09-01T16:58:00	1.09	9.44	8.63	6.87
2010-09-01T17:28:00	1.06	9.09	8.33	6.71
2010-09-01T17:58:00	1.12	9.59	8.78	6.98
2010-09-01T18:28:00	1.07	9.48	8.61	6.77
2010-09-01T18:58:00	1.15	9.19	8.34	6.65
2010-09-01T19:28:00	1.15	9.22	8.38	6.68
2010-09-01T19:58:00	1.17	9.65	8.85	7.07
2010-09-01T20:28:00	1.12	9.43	8.52	6.68
2010-09-01T20:58:00	1.14	9.65	8.69	6.69
2010-09-01T21:28:00	1.09	9.26	8.31	6.46
2010-09-01T21:58:00	1.18	9.37	8.47	6.66
2010-09-01T22:28:00	1.08	9.54	8.54	6.53
2010-09-01T22:58:00	1.12	8.85	7.99	6.38
2010-09-01T23:28:00	1.09	9.26	8.28	6.44
2010-09-01T23:58:00	1.10	9.46	8.59	6.81
2010-09-02T00:28:00	1.09	9.58	8.68	6.80
2010-09-02T00:58:00	1.06	9.70	8.85	6.95
2010-09-02T01:28:00	1.01	9.52	8.63	6.79
2010-09-02T01:58:00	1.05	10.11	9.24	7.27
2010-09-02T02:28:00	1.00	9.48	8.57	6.71
2010-09-02T02:58:00	1.01	9.48	8.49	6.50
2010-09-02T03:28:00	1.04	9.72	8.78	6.80
2010-09-02T03:58:00	1.02	9.57	8.69	6.83
2010-09-02T04:28:00	1.02	10.10	9.06	6.84
2010-09-02T04:58:00	1.01	10.33	9.32	7.09
2010-09-02T05:28:00	1.02	9.54	8.60	6.67
2010-09-02T05:58:00	1.01	10.01	9.03	6.94
2010-09-02T06:28:00	1.01	10.07	9.14	7.08
2010-09-02T06:58:00	1.02	10.10	9.11	6.98
2010-09-02T07:28:00	1.06	10.01	9.03	6.91
2010-09-02T07:58:00	1.02	9.79	8.78	6.75
2010-09-02T08:28:00	1.05	9.41	8.40	6.50
2010-09-02T08:58:00	1.03	10.18	9.20	7.05
2010-09-02T09:28:00	1.09	9.85	8.88	6.85
2010-09-02T09:58:00	1.05	9.84	8.88	6.78
2010-09-02T10:28:00	1.04	10.20	9.10	6.77
2010-09-02T10:58:00	0.92	10.12	9.12	7.04
2010-09-02T11:28:00	1.01	10.84	9.77	7.45
2010-09-02T11:58:00	0.99	10.33	9.29	7.13
2010-09-02T12:28:00	0.99	10.56	9.60	7.45
2010-09-02T12:58:00	0.99	10.86	9.98	7.86
2010-09-02T13:28:00	0.99	11.27	10.33	8.04
2010-09-02T13:58:00	0.90	11.46	10.48	8.04
2010-09-02T14:28:00	0.89	11.17	10.36	8.15
2010-09-02T14:58:00	0.90	11.18	10.30	8.12
2010-09-02T15:28:00	0.95	11.28	10.37	8.14
2010-09-02T15:58:00	0.93	11.10	10.22	8.12
2010-09-02T16:28:00	0.92	12.07	11.15	8.67
2010-09-02T16:58:00	0.98	11.31	10.39	8.19
2010-09-02T17:28:00	0.97	11.59	10.66	8.33
2010-09-02T17:58:00	0.86	11.47	10.50	8.13
2010-09-02T18:28:00	0.96	12.26	11.41	9.01
2010-09-02T18:58:00	0.90	12.03	11.23	8.96
2010-09-02T19:28:00	0.94	11.78	10.97	8.73
2010-09-02T19:58:00	0.93	11.57	10.63	8.29
2010-09-02T20:28:00	0.90	11.70	10.70	8.21
2010-09-02T20:58:00	1.07	11.96	11.11	8.84
2010-09-02T21:28:00	0.97	11.47	10.49	8.17
2010-09-02T21:58:00	1.06	12.38	11.47	9.05
2010-09-02T22:28:00	0.95	11.70	10.74	8.36
2010-09-02T22:58:00	0.99	11.41	10.44	8.24
2010-09-02T23:28:00	1.07	12.07	11.27	9.14
2010-09-02T23:58:00	0.98	12.12	11.20	8.79
2010-09-03T00:28:00	0.84	11.25	10.30	8.09
2010-09-03T00:58:00	0.93	12.78	11.83	9.18
2010-09-03T01:28:00	1.00	11.95	11.01	8.66
2010-09-03T01:58:00	0.91	12.14	11.22	8.74
2010-09-03T02:28:00	0.95	12.85	11.99	9.52
2010-09-03T02:58:00	0.90	13.09	12.20	9.59
2010-09-03T03:28:00	0.90	12.17	11.42	9.30
2010-09-03T03:58:00	0.84	12.13	11.31	8.97
2010-09-03T04:28:00	0.90	12.52	11.72	9.43
2010-09-03T04:58:00	0.92	12.53	11.75	9.48
2010-09-03T05:28:00	0.98	13.35	12.54	10.06
2010-09-03T05:58:00	0.87	12.89	12.05	9.53
2010-09-03T06:28:00	0.95	12.45	11.68	9.32
2010-09-03T06:58:00	0.99	12.66	11.80	9.10
2010-09-03T07:28:00	0.96	12.30	11.29	7.80
2010-09-03T07:58:00	1.04	12.11	10.82	6.72
2010-09-03T08:28:00	1.05	11.73	10.45	6.47
2010-09-03T08:58:00	1.05	11.79	10.57	6.87
2010-09-03T09:28:00	1.10	12.53	11.43	7.61
2010-09-03T09:58:00	1.03	11.90	10.66	6.87
2010-09-03T10:28:00	0.99	11.32	10.15	6.93
2010-09-03T10:58:00	1.06	12.16	11.17	7.87
2010-09-03T11:28:00	1.05	11.98	10.83	7.43
2010-09-03T11:58:00	1.05	12.17	11.00	7.55
2010-09-03T12:28:00	1.05	11.92	10.79	7.57
2010-09-03T12:58:00	1.06	11.56	10.42	7.32
2010-09-03T13:28:00	1.09	11.67	10.55	7.55
2010-09-03T13:58:00	0.99	11.03	9.92	7.20
2010-09-03T14:28:00	1.06	12.04	10.89	7.70
2010-09-03T14:58:00	1.06	12.16	11.05	7.83
2010-09-03T15:28:00	1.05	12.34	11.26	8.03
2010-09-03T15:58:00	1.10	12.29	11.26	8.13
2010-09-03T16:28:00	1.04	12.01	10.99	7.95
2010-09-03T16:58:00	0.92	11.71	10.67	7.70
2010-09-03T17:28:00	0.98	12.31	11.34	8.43
2010-09-03T17:58:00	1.03	12.36	11.44	8.60
2010-09-03T18:28:00	0.98	12.09	11.10	8.25
2010-09-03T18:58:00	1.00	12.28	11.29	8.49
2010-09-03T19:28:00	1.02	11.91	10.99	8.42
2010-09-03T19:58:00	1.08	11.96	11.17	8.89
2010-09-03T20:28:00	0.99	11.33	10.43	8.15
2010-09-03T20:58:00	1.14	11.83	10.97	8.74
2010-09-03T21:28:00	1.12	11.70	10.86	8.70
2010-09-03T21:58:00	1.20	11.79	10.95	8.83
2010-09-03T22:28:00	1.05	10.38	9.60	7.95
2010-09-03T22:58:00	1.22	10.23	9.52	8.08
2010-09-03T23:28:00	1.23	10.97	10.16	8.31
2010-09-03T23:58:00	1.18	10.36	9.42	7.31
2010-09-04T00:28:00	1.18	9.72	8.88	7.00
2010-09-04T00:58:00	1.12	10.90	10.05	8.09
2010-09-04T01:28:00	1.12	10.44	9.68	8.00
2010-09-04T01:58:00	1.12	10.38	9.69	8.12
2010-09-04T02:28:00	1.22	10.15	9.44	8.02
2010-09-04T02:58:00	1.23	9.64	8.89	7.56
2010-09-04T03:28:00	1.23	10.12	9.28	7.72
2010-09-04T03:58:00	1.25	9.87	9.05	7.53
2010-09-04T04:28:00	1.17	11.07	10.20	8.22
2010-09-04T04:58:00	1.04	10.41	9.44	7.51
2010-09-04T05:28:00	1.14	11.00	10.07	7.98
2010-09-04T05:58:00	1.03	10.75	9.72	7.43
2010-09-04T06:28:00	1.10	11.24	10.27	7.77
2010-09-04T06:58:00	1.04	10.42	9.46	7.09
2010-09-04T07:28:00	1.09	11.24	10.17	7.14
2010-09-04T07:58:00	1.13	10.63	9.55	6.74
2010-09-04T08:28:00	1.09	10.00	8.79	6.10
2010-09-04T08:58:00	1.27	10.58	9.39	6.60
2010-09-04T09:28:00	1.28	9.94	8.81	6.37
2010-09-04T09:58:00	1.26	10.42	9.33	6.81
2010-09-04T10:28:00	1.31	10.11	9.12	6.96
2010-09-04T10:58:00	1.20	9.81	8.84	6.86
2010-09-04T11:28:00	1.18	10.38	9.43	7.30
2010-09-04T11:58:00	1.14	10.62	9.62	7.21
2010-09-04T12:28:00	1.17	10.79	9.85	7.55
2010-09-04T12:58:00	1.22	10.88	10.03	7.67
2010-09-04T13:28:00	1.24	10.63	9.69	7.15
2010-09-04T13:58:00	1.25	9.78	8.72	6.27
2010-09-04T14:28:00	1.26	10.34	9.37	6.91
2010-09-04T14:58:00	1.25	10.32	9.35	6.93
2010-09-04T15:28:00	1.32	9.68	8.79	6.73
2010-09-04T15:58:00	1.33	9.64	8.72	6.71
2010-09-04T16:28:00	1.31	8.88	7.89	5.94
2010-09-04T16:58:00	1.48	8.59	7.64	5.88
2010-09-04T17:28:00	1.52	8.30	7.39	5.73
2010-09-04T17:58:00	1.55	8.42	7.51	5.83
2010-09-04T18:28:00	1.53	8.64	7.73	5.99
2010-09-04T18:58:00	1.62	8.48	7.60	6.00
2010-09-04T19:28:00	1.37	8.86	7.91	6.01
2010-09-04T19:58:00	1.44	8.00	7.21	5.75
2010-09-04T20:28:00	1.45	8.85	8.03	6.31
2010-09-04T20:58:00	1.52	8.92	8.14	6.46
2010-09-04T21:28:00	1.45	9.23	8.40	6.52
2010-09-04T21:58:00	1.43	9.15	8.37	6.54
2010-09-04T22:28:00	1.50	9.28	8.50	6.75
2010-09-04T22:58:00	1.52	9.55	8.75	6.78
2010-09-04T23:28:00	1.50	9.46	8.66	6.72
2010-09-04T23:58:00	1.42	8.92	8.14	6.36
2010-09-05T00:28:00	1.51	9.09	8.24	6.35
2010-09-05T00:58:00	1.46	8.35	7.58	5.91
2010-09-05T01:28:00	1.52	8.77	7.87	5.95
2010-09-05T01:58:00	1.52	9.18	8.39	6.52
2010-09-05T02:28:00	1.46	9.13	8.34	6.56
2010-09-05T02:58:00	1.57	9.05	8.38	6.74
2010-09-05T03:28:00	1.58	8.64	7.93	6.36
2010-09-05T03:58:00	1.52	9.04	8.31	6.57
2010-09-05T04:28:00	1.58	8.10	7.38	5.86
2010-09-05T04:58:00	1.76	8.27	7.65	6.26
2010-09-05T05:28:00	1.77	8.27	7.59	6.08
2010-09-05T05:58:00	1.96	8.12	7.54	6.27
2010-09-05T06:28:00	1.87	8.52	7.88	6.40
2010-09-05T06:58:00	1.70	8.08	7.45	6.09
2010-09-05T07:28:00	1.75	8.38	7.76	6.41
2010-09-05T07:58:00	1.62	8.73	8.05	6.51
2010-09-05T08:28:00	1.72	8.73	8.17	6.79
2010-09-05T08:58:00	1.71	8.57	8.02	6.77
2010-09-05T09:28:00	1.68	8.73	8.21	6.96
2010-09-05T09:58:00	1.70	8.72	8.16	6.94
2010-09-05T10:28:00	1.65	8.71	8.15	6.90
2010-09-05T10:58:00	1.60	8.65	8.04	6.69
2010-09-05T11:28:00	1.57	8.63	7.93	6.49
2010-09-05T11:58:00	1.70	8.44	7.81	6.46
2010-09-05T12:28:00	1.83	8.36	7.75	6.44
2010-09-05T12:58:00	1.65	8.54	7.84	6.30
2010-09-05T13:28:00	1.67	8.28	7.54	6.07
2010-09-05T13:58:00	1.76	8.31	7.64	6.21
2010-09-05T14:28:00	1.63	7.86	7.26	6.05
2010-09-05T14:58:00	1.70	8.52	7.81	6.33
2010-09-05T15:28:00	1.71	8.41	7.73	6.37
2010-09-05T15:58:00	1.62	8.26	7.60	6.27
2010-09-05T16:28:00	1.65	8.45	7.74	6.28
2010-09-05T16:58:00	1.66	8.29	7.68	6.31
2010-09-05T17:28:00	1.61	8.08	7.45	6.15
2010-09-05T17:58:00	1.56	7.97	7.35	6.04
2010-09-05T18:28:00	1.54	8.25	7.57	6.15
2010-09-05T18:58:00	1.52	8.15	7.54	6.20
2010-09-05T19:28:00	1.53	8.37	7.70	6.28
2010-09-05T19:58:00	1.58	8.31	7.67	6.28
2010-09-05T20:28:00	1.68	8.21	7.66	6.40
2010-09-05T20:58:00	1.58	8.28	7.66	6.26
2010-09-05T21:28:00	1.69	8.26	7.62	6.22
2010-09-05T21:58:00	1.65	8.05	7.43	6.11
2010-09-05T22:28:00	1.76	8.50	7.90	6.53
2010-09-05T22:58:00	1.69	8.30	7.69	6.33
2010-09-05T23:28:00	1.77	8.20	7.64	6.42
2010-09-05T23:58:00	1.73	8.38	7.80	6.52
2010-09-06T00:28:00	1.60	8.29	7.72	6.50
2010-09-06T00:58:00	1.68	8.13	7.64	6.55
2010-09-06T01:28:00	1.76	8.78	8.22	6.98
2010-09-06T01:58:00	1.71	8.30	7.78	6.62
2010-09-06T02:28:00	1.77	8.44	7.93	6.75
2010-09-06T02:58:00	1.75	8.03	7.51	6.42
2010-09-06T03:28:00	1.73	7.98	7.47	6.42
2010-09-06T03:58:00	1.78	8.26	7.78	6.69
2010-09-06T04:28:00	1.73	8.44	7.93	6.79
2010-09-06T04:58:00	1.77	8.17	7.72	6.75
2010-09-06T05:28:00	1.80	8.17	7.74	6.82
2010-09-06T05:58:00	1.78	8.33	7.85	6.74
2010-09-06T06:28:00	1.80	8.15	7.70	6.68
2010-09-06T06:58:00	1.73	8.10	7.54	6.35
2010-09-06T07:28:00	1.66	8.42	7.84	6.47
2010-09-06T07:58:00	1.84	8.15	7.66	6.47
2010-09-06T08:28:00	1.76	7.80	7.26	6.08
2010-09-06T08:58:00	1.81	7.47	6.91	5.79
2010-09-06T09:28:00	1.87	7.62	7.08	5.93
2010-09-06T09:58:00	1.96	7.81	7.28	6.15
2010-09-06T10:28:00	1.94	7.96	7.46	6.35
2010-09-06T10:58:00	2.04	7.51	7.02	6.03
2010-09-06T11:28:00	2.06	7.98	7.48	6.38
2010-09-06T11:58:00	2.13	7.84	7.37	6.40
2010-09-06T12:28:00	2.12	8.02	7.57	6.61
2010-09-06T12:58:00	1.98	8.00	7.58	6.67
2010-09-06T13:28:00	1.98	8.37	7.96	6.95
2010-09-06T13:58:00	1.77	8.12	7.70	6.73
2010-09-06T14:28:00	1.97	8.67	8.23	7.18
2010-09-06T14:58:00	1.80	8.73	8.29	7.18
2010-09-06T15:28:00	1.80	8.26	7.83	6.84
2010-09-06T15:58:00	1.61	8.34	7.87	6.83
2010-09-06T16:28:00	1.74	8.45	8.03	7.03
2010-09-06T16:58:00	1.75	8.31	7.86	6.88
2010-09-06T17:28:00	1.53	8.01	7.56	6.61
2010-09-06T17:58:00	1.64	8.26	7.83	6.86
2010-09-06T18:28:00	1.64	8.34	7.89	6.89
2010-09-06T18:58:00	1.51	8.15	7.69	6.73
2010-09-06T19:28:00	1.49	8.10	7.65	6.64
2010-09-06T19:58:00	1.59	7.89	7.41	6.48
2010-09-06T20:28:00	1.57	8.07	7.63	6.67
2010-09-06T20:58:00	1.54	8.14	7.70	6.70
2010-09-06T21:28:00	1.67	7.75	7.31	6.47
2010-09-06T21:58:00	1.63	7.72	7.31	6.47
2010-09-06T22:28:00	1.60	7.65	7.21	6.34
2010-09-06T22:58:00	1.77	7.64	7.25	6.47
2010-09-06T23:28:00	1.69	7.54	7.19	6.48
2010-09-06T23:58:00	1.69	7.65	7.22	6.38
2010-09-07T00:28:00	1.72	7.71	7.31	6.44
2010-09-07T00:58:00	1.76	7.70	7.29	6.43
2010-09-07T01:28:00	1.78	7.71	7.31	6.49
2010-09-07T01:58:00	1.76	7.39	7.03	6.28
2010-09-07T02:28:00	1.78	7.73	7.36	6.57
2010-09-07T02:58:00	1.65	7.79	7.40	6.56
2010-09-07T03:28:00	1.67	8.00	7.60	6.70
2010-09-07T03:58:00	1.68	7.63	7.26	6.45
2010-09-07T04:28:00	1.81	7.51	7.13	6.35
2010-09-07T04:58:00	1.65	7.49	7.10	6.30
2010-09-07T05:28:00	1.67	7.52	7.17	6.46
2010-09-07T05:58:00	1.71	7.71	7.32	6.55
2010-09-07T06:28:00	1.58	7.93	7.54	6.71
2010-09-07T06:58:00	1.57	7.80	7.42	6.61
2010-09-07T07:28:00	1.56	7.79	7.41	6.60
2010-09-07T07:58:00	1.49	8.00	7.57	6.67
2010-09-07T08:28:00	1.60	7.74	7.39	6.64
2010-09-07T08:58:00	1.63	8.05	7.66	6.85
2010-09-07T09:28:00	1.54	7.69	7.31	6.53
2010-09-07T09:58:00	1.46	7.62	7.20	6.32
2010-09-07T10:28:00	1.70	7.88	7.51	6.67
2010-09-07T10:58:00	1.52	7.54	7.14	6.27
2010-09-07T11:28:00	1.65	7.55	7.13	6.26
2010-09-07T11:58:00	1.70	7.48	7.09	6.26
2010-09-07T12:28:00	1.65	7.36	6.96	6.14
2010-09-07T12:58:00	1.59	7.45	7.03	6.17
2010-09-07T13:28:00	1.65	7.70	7.31	6.48
2010-09-07T13:58:00	1.60	7.71	7.29	6.47
2010-09-07T14:28:00	1.63	7.82	7.44	6.63
2010-09-07T14:58:00	1.60	7.55	7.15	6.37
2010-09-07T15:28:00	1.44	7.54	7.12	6.30
2010-09-07T15:58:00	1.53	7.57	7.18	6.40
2010-09-07T16:28:00	1.53	7.99	7.56	6.66
2010-09-07T16:58:00	1.55	7.96	7.55	6.71
2010-09-07T17:28:00	1.53	8.06	7.68	6.85
2010-09-07T17:58:00	1.43	7.72	7.30	6.47
2010-09-07T18:28:00	1.46	8.05	7.64	6.76
2010-09-07T18:58:00	1.56	7.82	7.36	6.45
2010-09-07T19:28:00	1.46	7.61	7.18	6.29
2010-09-07T19:58:00	1.59	7.91	7.53	6.67
2010-09-07T20:28:00	1.59	7.98	7.57	6.72
2010-09-07T20:58:00	1.61	8.06	7.67	6.81
2010-09-07T21:28:00	1.57	8.12	7.72	6.83
2010-09-07T21:58:00	1.50	8.27	7.85	6.89
2010-09-07T22:28:00	1.62	8.20	7.79	6.89
2010-09-07T22:58:00	1.65	7.87	7.50	6.75
2010-09-07T23:28:00	1.69	8.11	7.74	6.93
2010-09-07T23:58:00	1.72	8.00	7.63	6.84
2010-09-08T00:28:00	1.77	7.94	7.61	6.90
2010-09-08T00:58:00	1.74	8.31	7.96	7.15
2010-09-08T01:28:00	1.67	8.14	7.75	6.89
2010-09-08T01:58:00	1.62	8.16	7.73	6.81
2010-09-08T02:28:00	1.71	7.81	7.34	6.35
2010-09-08T02:58:00	1.76	7.73	7.26	6.25
2010-09-08T03:28:00	1.68	7.77	7.28	6.25
2010-09-08T03:58:00	1.79	7.91	7.48	6.51
2010-09-08T04:28:00	1.83	7.91	7.48	6.55
2010-09-08T04:58:00	1.77	7.91	7.52	6.66
2010-09-08T05:28:00	1.77	8.07	7.67	6.74
2010-09-08T05:58:00	1.78	7.91	7.48	6.49
2010-09-08T06:28:00	1.81	7.84	7.38	6.37
2010-09-08T06:58:00	1.77	7.56	7.11	6.14
2010-09-08T07:28:00	1.74	7.49	7.06	6.10
2010-09-08T07:58:00	1.72	7.38	6.95	6.03
2010-09-08T08:28:00	1.69	7.57	7.09	6.09
2010-09-08T08:58:00	1.63	7.48	7.02	6.03
2010-09-08T09:28:00	1.60	7.63	7.14	6.07
2010-09-08T09:58:00	1.62	7.78	7.22	6.03
2010-09-08T10:28:00	1.68	7.53	7.04	5.98
2010-09-08T10:58:00	1.65	7.48	6.97	5.87
2010-09-08T11:28:00	1.65	7.68	7.13	5.97
2010-09-08T11:58:00	1.57	7.73	7.12	5.87
2010-09-08T12:28:00	1.60	7.59	7.05	5.90
2010-09-08T12:58:00	1.60	7.36	6.79	5.69
2010-09-08T13:28:00	1.66	7.45	6.87	5.75
2010-09-08T13:58:00	1.76	7.82	7.24	6.11
2010-09-08T14:28:00	1.72	7.86	7.34	6.23
2010-09-08T14:58:00	1.66	7.65	7.12	6.05
2010-09-08T15:28:00	1.64	7.84	7.29	6.20
2010-09-08T15:58:00	1.65	7.55	7.05	6.05
2010-09-08T16:28:00	1.62	7.78	7.26	6.23
2010-09-08T16:58:00	1.56	8.15	7.63	6.54
2010-09-08T17:28:00	1.54	7.99	7.44	6.32
2010-09-08T17:58:00	1.52	8.24	7.65	6.36
2010-09-08T18:28:00	1.53	8.23	7.65	6.40
2010-09-08T18:58:00	1.41	7.96	7.34	6.09
2010-09-08T19:28:00	1.51	7.87	7.28	6.10
2010-09-08T19:58:00	1.53	8.14	7.54	6.28
2010-09-08T20:28:00	1.58	8.19	7.62	6.43
2010-09-08T20:58:00	1.59	8.12	7.61	6.51
2010-09-08T21:28:00	1.48	8.31	7.76	6.63
2010-09-08T21:58:00	1.50	8.33	7.76	6.62
2010-09-08T22:28:00	1.42	8.26	7.66	6.54
2010-09-08T22:58:00	1.47	8.63	8.00	6.77
2010-09-08T23:28:00	1.44	8.45	7.89	6.72
2010-09-08T23:58:00	1.55	8.56	7.98	6.84
2010-09-09T00:28:00	1.52	8.47	7.93	6.89
2010-09-09T00:58:00	1.44	8.69	8.08	6.92
2010-09-09T01:28:00	1.37	8.53	7.94	6.81
2010-09-09T01:58:00	1.50	8.65	8.03	6.77
2010-09-09T02:28:00	1.46	8.46	7.81	6.39
2010-09-09T02:58:00	1.41	8.87	8.17	6.80
2010-09-09T03:28:00	1.36	8.76	8.10	6.78
2010-09-09T03:58:00	1.50	8.63	7.83	6.18
2010-09-09T04:28:00	1.55	8.52	7.83	6.54
2010-09-09T04:58:00	1.45	9.22	8.49	7.04
2010-09-09T05:28:00	1.49	8.87	8.21	6.99
2010-09-09T05:58:00	1.51	8.76	8.05	6.81
2010-09-09T06:28:00	1.53	8.88	8.24	7.03
2010-09-09T06:58:00	1.45	8.93	8.27	6.96
2010-09-09T07:28:00	1.58	8.92	8.33	7.09
2010-09-09T07:58:00	1.53	9.34	8.58	7.10
2010-09-09T08:28:00	1.51	8.98	8.29	7.02
2010-09-09T08:58:00	1.53	8.66	8.03	6.85
2010-09-09T09:28:00	1.45	8.35	7.67	6.39
2010-09-09T09:58:00	1.58	8.97	8.19	6.65
2010-09-09T10:28:00	1.51	8.77	7.97	6.45
2010-09-09T10:58:00	1.53	8.57	7.87	6.48
2010-09-09T11:28:00	1.58	8.92	8.14	6.62
2010-09-09T11:58:00	1.47	9.00	8.17	6.59
2010-09-09T12:28:00	1.56	8.98	8.21	6.70
2010-09-09T12:58:00	1.50	8.64	7.84	6.35
2010-09-09T13:28:00	1.51	8.86	8.07	6.48
2010-09-09T13:58:00	1.64	9.39	8.51	6.70
2010-09-09T14:28:00	1.52	8.88	7.98	6.25
2010-09-09T14:58:00	1.57	8.96	8.01	6.27
2010-09-09T15:28:00	1.51	8.63	7.83	6.26
2010-09-09T15:58:00	1.54	8.77	7.88	6.18
2010-09-09T16:28:00	1.59	9.44	8.47	6.53
2010-09-09T16:58:00	1.58	8.97	8.10	6.33
2010-09-09T17:28:00	1.54	8.56	7.67	6.02
2010-09-09T17:58:00	1.45	8.87	7.95	6.17
2010-09-09T18:28:00	1.44	8.62	7.72	6.06
2010-09-09T18:58:00	1.46	8.69	7.77	6.05
2010-09-09T19:28:00	1.53	8.90	8.09	6.45
2010-09-09T19:58:00	1.49	9.01	8.18	6.54
2010-09-09T20:28:00	1.43	8.84	8.02	6.44
2010-09-09T20:58:00	1.49	9.05	8.22	6.62
2010-09-09T21:28:00	1.41	8.99	8.12	6.47
2010-09-09T21:58:00	1.39	9.61	8.68	6.78
2010-09-09T22:28:00	1.40	9.14	8.36	6.78
2010-09-09T22:58:00	1.36	9.52	8.67	6.91
2010-09-09T23:28:00	1.42	9.73	8.96	7.25
2010-09-09T23:58:00	1.32	9.47	8.58	6.77
2010-09-10T00:28:00	1.39	9.58	8.75	7.00
2010-09-10T00:58:00	1.32	9.85	8.98	7.08
2010-09-10T01:28:00	1.34	9.81	9.00	7.18
2010-09-10T01:58:00	1.39	9.91	9.09	7.31
2010-09-10T02:28:00	1.31	9.74	8.94	7.16
2010-09-10T02:58:00	1.36	9.84	9.01	7.21
2010-09-10T03:28:00	1.31	9.93	9.03	7.13
2010-09-10T03:58:00	1.35	9.85	8.98	7.00
2010-09-10T04:28:00	1.35	9.73	8.85	6.87
2010-09-10T04:58:00	1.34	10.00	9.12	7.06
2010-09-10T05:28:00	1.29	9.69	8.80	6.74
2010-09-10T05:58:00	1.32	10.10	9.17	6.91
2010-09-10T06:28:00	1.31	9.55	8.62	6.44
2010-09-10T06:58:00	1.30	9.92	8.94	6.67
2010-09-10T07:28:00	1.32	9.64	8.63	6.46
2010-09-10T07:58:00	1.35	9.77	8.83	6.62
2010-09-10T08:28:00	1.29	9.38	8.40	6.31
2010-09-10T08:58:00	1.31	9.22	8.31	6.46
2010-09-10T09:28:00	1.31	9.67	8.70	6.66
2010-09-10T09:58:00	1.33	9.51	8.67	6.85
2010-09-10T10:28:00	1.33	9.77	8.87	6.97
2010-09-10T10:58:00	1.41	10.16	9.24	7.31
2010-09-10T11:28:00	1.36	10.02	9.16	7.28
2010-09-10T11:58:00	1.34	9.49	8.68	7.03
2010-09-10T12:28:00	1.29	10.18	9.36	7.55
2010-09-10T12:58:00	1.35	10.42	9.52	7.60
2010-09-10T13:28:00	1.25	9.84	8.97	7.21
2010-09-10T13:58:00	1.26	10.11	9.25	7.33
2010-09-10T14:28:00	1.33	10.24	9.34	7.33
2010-09-10T14:58:00	1.36	10.27	9.39	7.37
2010-09-10T15:28:00	1.36	10.02	9.13	7.21
2010-09-10T15:58:00	1.29	9.91	9.02	7.07
2010-09-10T16:28:00	1.38	10.34	9.39	7.31
2010-09-10T16:58:00	1.26	10.01	9.04	7.04
2010-09-10T17:28:00	1.31	10.54	9.58	7.40
2010-09-10T17:58:00	1.38	10.35	9.49	7.62
2010-09-10T18:28:00	1.31	10.50	9.58	7.61
2010-09-10T18:58:00	1.38	10.50	9.63	7.72
2010-09-10T19:28:00	1.35	10.70	9.76	7.78
2010-09-10T19:58:00	1.37	9.76	8.92	7.33
2010-09-10T20:28:00	1.35	10.09	9.22	7.47
2010-09-10T20:58:00	1.38	10.84	9.92	7.90
2010-09-10T21:28:00	1.38	10.34	9.44	7.66
2010-09-10T21:58:00	1.38	10.59	9.74	7.83
2010-09-10T22:28:00	1.33	10.63	9.78	7.84
2010-09-10T22:58:00	1.28	10.37	9.50	7.56
2010-09-10T23:28:00	1.31	10.81	9.89	7.74
2010-09-10T23:58:00	1.40	10.81	9.96	8.05
2010-09-11T00:28:00	1.35	10.91	10.05	8.00
2010-09-11T00:58:00	1.25	10.93	9.98	7.79
2010-09-11T01:28:00	1.32	11.19	10.21	7.91
2010-09-11T01:58:00	1.34	11.17	10.11	7.72
2010-09-11T02:28:00	1.36	11.05	10.16	7.96
2010-09-11T02:58:00	1.29	11.21	10.18	7.67
2010-09-11T03:28:00	1.28	10.77	9.71	7.25
2010-09-11T03:58:00	1.33	10.95	9.88	7.28
2010-09-11T04:28:00	1.40	10.57	9.39	6.68
2010-09-11T04:58:00	1.40	10.42	9.27	6.57
2010-09-11T05:28:00	1.51	10.84	9.78	7.08
2010-09-11T05:58:00	1.44	11.22	10.06	7.13
2010-09-11T06:28:00	1.49	11.73	10.59	7.55
2010-09-11T06:58:00	1.45	11.46	10.46	7.79
2010-09-11T07:28:00	1.49	11.72	10.71	8.02
2010-09-11T07:58:00	1.37	11.60	10.50	7.57
2010-09-11T08:28:00	1.40	11.30	10.25	7.50
2010-09-11T08:58:00	1.41	10.86	9.82	7.29
2010-09-11T09:28:00	1.38	11.13	10.04	7.30
2010-09-11T09:58:00	1.47	11.59	10.50	7.58
2010-09-11T10:28:00	1.44	11.37	10.34	7.52
2010-09-11T10:58:00	1.40	10.83	9.76	7.01
2010-09-11T11:28:00	1.38	11.08	9.93	7.00
2010-09-11T11:58:00	1.46	11.98	10.97	7.89
2010-09-11T12:28:00	1.45	11.50	10.44	7.64
2010-09-11T12:58:00	1.39	11.00	10.03	7.62
2010-09-11T13:28:00	1.35	11.53	10.51	7.82
2010-09-11T13:58:00	1.35	11.83	10.83	7.90
2010-09-11T14:28:00	1.31	12.00	11.13	8.70
2010-09-11T14:58:00	1.40	11.81	10.99	8.80
2010-09-11T15:28:00	1.33	12.41	11.54	9.10
2010-09-11T15:58:00	1.29	12.42	11.59	9.24
2010-09-11T16:28:00	1.31	12.23	11.34	8.93
2010-09-11T16:58:00	1.29	11.93	11.05	8.77
2010-09-11T17:28:00	1.36	12.55	11.75	9.42
2010-09-11T17:58:00	1.31	12.49	11.67	9.35
2010-09-11T18:28:00	1.42	12.76	12.05	9.92
2010-09-11T18:58:00	1.38	12.38	11.67	9.63
2010-09-11T19:28:00	1.34	12.84	12.08	9.94
2010-09-11T19:58:00	1.30	12.41	11.68	9.69
2010-09-11T20:28:00	1.33	12.46	11.74	9.80
2010-09-11T20:58:00	1.29	12.59	11.84	9.79
2010-09-11T21:28:00	1.45	12.27	11.64	9.93
2010-09-11T21:58:00	1.38	12.15	11.44	9.63
2010-09-11T22:28:00	1.39	12.26	11.50	9.59
2010-09-11T22:58:00	1.34	12.32	11.51	9.53
2010-09-11T23:28:00	1.40	12.48	11.77	9.90
2010-09-11T23:58:00	1.50	12.47	11.84	10.20
2010-09-12T00:28:00	1.35	11.67	10.92	9.21
2010-09-12T00:58:00	1.25	12.10	11.38	9.54
2010-09-12T01:28:00	1.36	12.42	11.75	10.00
2010-09-12T01:58:00	1.31	11.81	11.15	9.47
2010-09-12T02:28:00	1.38	12.13	11.29	9.31
2010-09-12T02:58:00	1.43	12.60	11.81	9.85
2010-09-12T03:28:00	1.51	13.12	12.46	10.55
2010-09-12T03:58:00	1.38	12.38	11.62	9.64
2010-09-12T04:28:00	1.35	12.35	11.51	9.39
2010-09-12T04:58:00	1.48	13.02	12.26	10.06
2010-09-12T05:28:00	1.45	12.57	11.81	9.72
2010-09-12T05:58:00	1.45	12.29	11.53	9.54
2010-09-12T06:28:00	1.52	13.24	12.54	10.39
2010-09-12T06:58:00	1.30	12.29	11.42	9.16
2010-09-12T07:28:00	1.40	12.74	11.96	9.80
2010-09-12T07:58:00	1.41	13.00	12.29	10.11
2010-09-12T08:28:00	1.31	12.78	12.00	9.74
2010-09-12T08:58:00	1.38	12.89	12.11	9.88
2010-09-12T09:28:00	1.49	13.02	12.35	10.26
2010-09-12T09:58:00	1.51	13.01	12.31	10.16
2010-09-12T10:28:00	1.44	12.76	12.08	10.03
2010-09-12T10:58:00	1.50	13.07	12.41	10.23
2010-09-12T11:28:00	1.54	12.84	12.22	10.22
2010-09-12T11:58:00	1.35	12.60	11.84	9.60
2010-09-12T12:28:00	1.47	12.75	12.11	10.14
2010-09-12T12:58:00	1.37	13.15	12.43	10.06
2010-09-12T13:28:00	1.46	12.74	12.00	9.89
2010-09-12T13:58:00	1.48	12.99	12.30	10.22
2010-09-12T14:28:00	1.42	12.63	11.95	9.89
2010-09-12T14:58:00	1.44	12.89	12.19	10.08
2010-09-12T15:28:00	1.33	12.96	12.17	9.55
2010-09-12T15:58:00	1.48	13.20	12.51	9.93
2010-09-12T16:28:00	1.47	12.77	12.06	9.67
2010-09-12T16:58:00	1.47	13.38	12.68	10.38
2010-09-12T17:28:00	1.38	12.83	12.03	9.70
2010-09-12T17:58:00	1.30	12.85	12.13	9.89
2010-09-12T18:28:00	1.36	12.86	12.23	10.25
2010-09-12T18:58:00	1.31	12.59	11.89	9.84
2010-09-12T19:28:00	1.32	12.77	12.10	10.12
2010-09-12T19:58:00	1.32	12.87	12.24	10.29
2010-09-12T20:28:00	1.49	13.29	12.77	11.11
2010-09-12T20:58:00	1.54	14.03	13.54	11.84
2010-09-12T21:28:00	1.40	13.33	12.79	11.10
2010-09-12T21:58:00	1.54	13.31	12.88	11.48
2010-09-12T22:28:00	1.36	12.91	12.36	10.80
2010-09-12T22:58:00	1.36	12.80	12.32	10.94
2010-09-12T23:28:00	1.39	13.22	12.72	11.25
2010-09-12T23:58:00	1.50	13.58	13.14	11.69
2010-09-13T00:28:00	1.39	13.42	12.95	11.46
2010-09-13T00:58:00	1.19	13.03	12.51	10.86
2010-09-13T01:28:00	1.30	13.02	12.54	11.07
2010-09-13T01:58:00	1.34	13.73	13.27	11.77
2010-09-13T02:28:00	1.27	13.34	12.81	11.25
2010-09-13T02:58:00	1.33	13.49	13.04	11.56
2010-09-13T03:28:00	1.29	13.15	12.64	11.13
2010-09-13T03:58:00	1.41	13.22	12.82	11.53
2010-09-13T04:28:00	1.25	12.76	12.29	10.82
2010-09-13T04:58:00	1.25	13.05	12.56	10.99
2010-09-13T05:28:00	1.24	12.96	12.47	10.93
2010-09-13T05:58:00	1.29	12.85	12.37	10.84
2010-09-13T06:28:00	1.25	12.86	12.35	10.74
2010-09-13T06:58:00	1.51	13.30	12.91	11.56
2010-09-13T07:28:00	1.32	13.00	12.52	10.97
2010-09-13T07:58:00	1.24	12.75	12.27	10.76
2010-09-13T08:28:00	1.27	12.60	12.12	10.62
2010-09-13T08:58:00	1.27	12.57	12.10	10.63
2010-09-13T09:28:00	1.37	13.21	12.79	11.33
2010-09-13T09:58:00	1.19	12.41	11.91	10.40
2010-09-13T10:28:00	1.40	13.23	12.82	11.45
2010-09-13T10:58:00	1.21	12.99	12.53	11.09
2010-09-13T11:28:00	1.18	12.74	12.32	11.00
2010-09-13T11:58:00	1.37	13.35	12.97	11.66
2010-09-13T12:28:00	1.17	13.01	12.55	11.03
2010-09-13T12:58:00	1.20	12.96	12.50	11.02
2010-09-13T13:28:00	1.09	12.22	11.75	10.37
2010-09-13T13:58:00	1.32	12.91	12.51	11.25
2010-09-13T14:28:00	1.41	13.28	12.91	11.64
2010-09-13T14:58:00	1.13	12.32	11.85	10.40
2010-09-13T15:28:00	1.25	12.55	12.12	10.79
2010-09-13T15:58:00	1.14	12.68	12.19	10.63
2010-09-13T16:28:00	1.21	12.70	12.26	10.83
2010-09-13T16:58:00	1.11	12.76	12.24	10.58
2010-09-13T17:28:00	1.27	12.80	12.33	10.84
2010-09-13T17:58:00	1.26	12.66	12.23	10.81
2010-09-13T18:28:00	1.18	12.13	11.65	10.19
2010-09-13T18:58:00	1.36	12.96	12.55	11.19
2010-09-13T19:28:00	1.16	12.58	12.10	10.55
2010-09-13T19:58:00	1.26	12.22	11.78	10.38
2010-09-13T20:28:00	1.37	12.63	12.23	10.96
2010-09-13T20:58:00	1.36	12.90	12.53	11.25
2010-09-13T21:28:00	1.21	12.39	11.93	10.52
2010-09-13T21:58:00	1.23	12.69	12.27	10.86
2010-09-13T22:28:00	1.24	12.57	12.11	10.68
2010-09-13T22:58:00	1.12	12.07	11.63	10.19
2010-09-13T23:28:00	1.24	12.42	11.98	10.57
2010-09-13T23:58:00	1.16	12.40	11.98	10.59
2010-09-14T00:28:00	1.21	12.74	12.30	10.92
2010-09-14T00:58:00	1.27	12.76	12.36	11.00
2010-09-14T01:28:00	1.16	12.37	11.88	10.38
2010-09-14T01:58:00	1.08	12.01	11.54	10.09
2010-09-14T02:28:00	1.16	12.11	11.71	10.43
2010-09-14T02:58:00	1.09	12.02	11.56	10.16
2010-09-14T03:28:00	1.05	11.86	11.38	9.94
2010-09-14T03:58:00	1.17	11.92	11.47	10.16
2010-09-14T04:28:00	1.17	12.17	11.75	10.43
2010-09-14T04:58:00	1.21	12.09	11.73	10.58
2010-09-14T05:28:00	1.05	11.81	11.33	9.90
2010-09-14T05:58:00	1.15	11.86	11.45	10.20
2010-09-14T06:28:00	1.16	12.10	11.69	10.44
2010-09-14T06:58:00	1.06	11.98	11.52	10.07
2010-09-14T07:28:00	1.18	12.38	11.96	10.61
2010-09-14T07:58:00	1.13	11.67	11.23	9.80
2010-09-14T08:28:00	1.24	11.89	11.43	9.86
2010-09-14T08:58:00	1.15	11.95	11.45	9.77
2010-09-14T09:28:00	1.15	11.90	11.36	9.51
2010-09-14T09:58:00	1.05	11.61	11.09	9.28
2010-09-14T10:28:00	1.19	11.69	11.19	9.47
2010-09-14T10:58:00	1.05	11.45	10.94	9.16
2010-09-14T11:28:00	1.13	11.41	10.89	9.16
2010-09-14T11:58:00	1.07	11.56	11.05	9.31
2010-09-14T12:28:00	1.04	11.41	10.88	9.04
2010-09-14T12:58:00	1.16	11.61	11.14	9.49
2010-09-14T13:28:00	1.07	11.68	11.22	9.60
2010-09-14T13:58:00	1.06	11.85	11.35	9.62
2010-09-14T14:28:00	1.00	11.52	11.05	9.54
2010-09-14T14:58:00	1.06	11.63	11.20	9.86
2010-09-14T15:28:00	1.05	11.80	11.36	10.05
2010-09-14T15:58:00	1.10	11.50	11.09	9.84
2010-09-14T16:28:00	1.12	11.52	11.17	10.01
2010-09-14T16:58:00	1.01	11.25	10.79	9.46
2010-09-14T17:28:00	1.04	11.45	10.99	9.65
2010-09-14T17:58:00	1.01	11.15	10.71	9.37
2010-09-14T18:28:00	1.17	11.47	11.06	9.83
2010-09-14T18:58:00	0.97	11.13	10.63	9.26
2010-09-14T19:28:00	1.11	11.62	11.15	9.83
2010-09-14T19:58:00	1.10	11.35	10.91	9.63
2010-09-14T20:28:00	1.06	11.17	10.72	9.47
2010-09-14T20:58:00	1.14	11.48	11.06	9.82
2010-09-14T21:28:00	1.05	11.23	10.77	9.49
2010-09-14T21:58:00	1.00	11.72	11.22	9.76
2010-09-14T22:28:00	1.10	11.50	11.07	9.85
2010-09-14T22:58:00	0.97	11.31	10.83	9.44
2010-09-14T23:28:00	1.05	11.37	10.91	9.62
2010-09-14T23:58:00	1.02	11.22	10.78	9.52
2010-09-15T00:28:00	1.07	11.75	11.29	9.95
2010-09-15T00:58:00	1.04	11.24	10.79	9.59
2010-09-15T01:28:00	1.01	11.10	10.63	9.41
2010-09-15T01:58:00	1.14	11.15	10.74	9.65
2010-09-15T02:28:00	1.08	10.94	10.51	9.35
2010-09-15T02:58:00	0.98	10.68	10.16	8.87
2010-09-15T03:28:00	1.12	10.85	10.38	9.16
2010-09-15T03:58:00	1.03	11.15	10.63	9.24
2010-09-15T04:28:00	1.09	10.61	10.12	8.89
2010-09-15T04:58:00	1.17	11.09	10.58	9.27
2010-09-15T05:28:00	1.07	10.77	10.17	8.71
2010-09-15T05:58:00	1.20	10.63	10.13	8.86
2010-09-15T06:28:00	1.07	10.65	9.99	8.48
2010-09-15T06:58:00	1.09	10.85	10.29	8.84
2010-09-15T07:28:00	1.06	10.37	9.72	8.15
2010-09-15T07:58:00	1.10	11.05	10.38	8.69
2010-09-15T08:28:00	1.06	10.66	10.01	8.37
2010-09-15T08:58:00	1.02	10.27	9.57	8.00
2010-09-15T09:28:00	1.09	10.91	10.29	8.64
2010-09-15T09:58:00	1.13	10.75	10.15	8.59
2010-09-15T10:28:00	1.08	10.75	10.15	8.58
2010-09-15T10:58:00	1.04	10.34	9.70	8.09
2010-09-15T11:28:00	1.04	10.55	9.88	8.14
2010-09-15T11:58:00	1.06	10.67	9.94	7.97
2010-09-15T12:28:00	1.09	10.60	9.93	8.04
2010-09-15T12:58:00	1.10	10.40	9.72	7.81
2010-09-15T13:28:00	1.09	10.56	9.88	7.92
2010-09-15T13:58:00	1.07	10.47	9.74	7.75
2010-09-15T14:28:00	1.05	10.21	9.51	7.73
2010-09-15T14:58:00	1.20	10.47	9.86	8.15
2010-09-15T15:28:00	1.18	10.50	9.88	8.26
2010-09-15T15:58:00	1.19	10.59	10.04	8.47
2010-09-15T16:28:00	1.20	10.52	9.99	8.56
2010-09-15T16:58:00	1.24	10.61	10.07	8.68
2010-09-15T17:28:00	1.26	10.67	10.05	8.05
2010-09-15T17:58:00	1.18	10.40	9.66	7.60
2010-09-15T18:28:00	1.33	10.85	10.16	8.21
2010-09-15T18:58:00	1.25	10.11	9.48	7.78
2010-09-15T19:28:00	1.16	10.26	9.51	7.65
2010-09-15T19:58:00	1.30	10.42	9.81	8.17
2010-09-15T20:28:00	1.23	10.63	9.98	8.29
2010-09-15T20:58:00	1.34	10.68	10.14	8.69
2010-09-15T21:28:00	1.36	10.87	10.33	8.93
2010-09-15T21:58:00	1.30	10.99	10.46	9.07
2010-09-15T22:28:00	1.26	10.73	10.22	8.91
2010-09-15T22:58:00	1.33	10.41	9.92	8.74
2010-09-15T23:28:00	1.32	10.43	9.83	8.45
2010-09-15T23:58:00	1.36	10.27	9.76	8.52
2010-09-16T00:28:00	1.39	9.88	9.38	8.23
2010-09-16T00:58:00	1.40	10.31	9.75	8.41
2010-09-16T01:28:00	1.34	10.15	9.63	8.38
2010-09-16T01:58:00	1.36	10.17	9.60	8.33
2010-09-16T02:28:00	1.43	10.56	10.01	8.69
2010-09-16T02:58:00	1.31	10.32	9.75	8.41
2010-09-16T03:28:00	1.34	10.03	9.47	8.21
2010-09-16T03:58:00	1.36	10.71	10.07	8.57
2010-09-16T04:28:00	1.28	10.29	9.62	8.17
2010-09-16T04:58:00	1.36	10.31	9.68	8.34
2010-09-16T05:28:00	1.26	10.54	9.73	8.03
2010-09-16T05:58:00	1.40	10.54	9.94	8.50
2010-09-16T06:28:00	1.41	10.10	9.53	8.25
2010-09-16T06:58:00	1.26	9.87	9.19	7.82
2010-09-16T07:28:00	1.43	10.26	9.63	8.24
2010-09-16T07:58:00	1.46	10.40	9.78	8.34
2010-09-16T08:28:00	1.42	10.11	9.39	7.89
2010-09-16T08:58:00	1.39	9.91	9.24	7.79
2010-09-16T09:28:00	1.48	9.56	8.92	7.53
2010-09-16T09:58:00	1.57	9.68	9.04	7.65
2010-09-16T10:28:00	1.42	9.52	8.77	7.27
2010-09-16T10:58:00	1.50	9.51	8.77	7.31
2010-09-16T11:28:00	1.59	9.48	8.80	7.42
2010-09-16T11:58:00	1.61	9.68	9.01	7.53
2010-09-16T12:28:00	1.52	9.56	8.81	7.24
2010-09-16T12:58:00	1.59	9.64	8.94	7.49
2010-09-16T13:28:00	1.52	9.39	8.78	7.44
2010-09-16T13:58:00	1.48	9.44	8.66	7.18
2010-09-16T14:28:00	1.51	9.97	9.15	7.50
2010-09-16T14:58:00	1.45	9.72	8.98	7.45
2010-09-16T15:28:00	1.52	9.52	8.82	7.40
2010-09-16T15:58:00	1.58	9.59	9.00	7.54
2010-09-16T16:28:00	1.41	9.19	8.58	7.28
2010-09-16T16:58:00	1.50	9.51	8.86	7.53
2010-09-16T17:28:00	1.55	9.80	9.22	7.97
2010-09-16T17:58:00	1.48	10.09	9.43	8.01
2010-09-16T18:28:00	1.39	10.00	9.27	7.71
2010-09-16T18:58:00	1.56	9.50	8.90	7.59
2010-09-16T19:28:00	1.50	9.72	9.05	7.63
2010-09-16T19:58:00	1.52	9.46	8.73	7.29
2010-09-16T20:28:00	1.47	9.71	8.97	7.47
2010-09-16T20:58:00	1.50	9.24	8.55	7.18
2010-09-16T21:28:00	1.49	9.74	8.97	7.44
2010-09-16T21:58:00	1.61	9.19	8.53	7.28
2010-09-16T22:28:00	1.50	9.34	8.61	7.21
2010-09-16T22:58:00	1.52	9.19	8.53	7.28
2010-09-16T23:28:00	1.50	9.78	9.14	7.76
2010-09-16T23:58:00	1.58	9.57	8.95	7.65
2010-09-17T00:28:00	1.52	9.80	9.04	7.55
2010-09-17T00:58:00	1.35	9.75	9.00	7.53
2010-09-17T01:28:00	1.40	9.67	8.93	7.49
2010-09-17T01:58:00	1.40	9.72	9.09	7.81
2010-09-17T02:28:00	1.47	9.88	9.21	7.89
2010-09-17T02:58:00	1.26	9.29	8.60	7.36
2010-09-17T03:28:00	1.38	9.72	9.11	7.91
2010-09-17T03:58:00	1.48	9.48	8.85	7.71
2010-09-17T04:28:00	1.41	9.79	9.13	7.87
2010-09-17T04:58:00	1.38	9.48	8.87	7.73
2010-09-17T05:28:00	1.43	9.62	8.97	7.76
2010-09-17T05:58:00	1.40	9.38	8.75	7.58
2010-09-17T06:28:00	1.46	9.52	8.87	7.69
2010-09-17T06:58:00	1.49	9.45	8.84	7.69
2010-09-17T07:28:00	1.41	9.90	9.28	7.98
2010-09-17T07:58:00	1.39	9.78	9.09	7.80
2010-09-17T08:28:00	1.40	9.72	9.00	7.70
2010-09-17T08:58:00	1.36	9.17	8.54	7.39
2010-09-17T09:28:00	1.47	9.79	9.17	7.92
2010-09-17T09:58:00	1.42	9.85	9.24	7.99
2010-09-17T10:28:00	1.41	9.90	9.27	7.97
2010-09-17T10:58:00	1.33	9.68	8.99	7.66
2010-09-17T11:28:00	1.40	9.68	9.04	7.75
2010-09-17T11:58:00	1.40	9.66	9.02	7.75
2010-09-17T12:28:00	1.49	9.95	9.32	7.99
2010-09-17T12:58:00	1.37	9.61	8.88	7.51
2010-09-17T13:28:00	1.34	9.56	8.80	7.40
2010-09-17T13:58:00	1.43	9.45	8.81	7.54
2010-09-17T14:28:00	1.36	9.37	8.69	7.29
2010-09-17T14:58:00	1.36	9.58	8.86	7.38
2010-09-17T15:28:00	1.42	9.74	9.13	7.88
2010-09-17T15:58:00	1.28	10.30	9.58	8.04
2010-09-17T16:28:00	1.33	9.78	9.04	7.66
2010-09-17T16:58:00	1.32	9.99	9.33	7.97
2010-09-17T17:28:00	1.29	9.66	8.97	7.68
2010-09-17T17:58:00	1.33	9.97	9.32	7.96
2010-09-17T18:28:00	1.25	9.85	9.21	7.88
2010-09-17T18:58:00	1.37	10.38	9.67	8.20
2010-09-17T19:28:00	1.19	10.23	9.54	8.06
2010-09-17T19:58:00	1.21	10.10	9.46	8.06
2010-09-17T20:28:00	1.18	9.76	9.18	7.96
2010-09-17T20:58:00	1.24	10.00	9.33	8.03
2010-09-17T21:28:00	1.37	9.80	9.26	8.15
2010-09-17T21:58:00	1.31	10.40	9.80	8.49
2010-09-17T22:28:00	1.39	10.32	9.73	8.49
2010-09-17T22:58:00	1.34	10.21	9.64	8.39
2010-09-17T23:28:00	1.39	10.04	9.45	8.26
2010-09-17T23:58:00	1.37	9.92	9.33	8.15
2010-09-18T00:28:00	1.39	9.65	9.09	7.98
2010-09-18T00:58:00	1.28	9.72	9.02	7.71
2010-09-18T01:28:00	1.39	10.15	9.43	8.02
2010-09-18T01:58:00	1.40	9.77	9.13	7.92
2010-09-18T02:28:00	1.35	10.05	9.39	8.08
2010-09-18T02:58:00	1.34	10.09	9.40	8.03
2010-09-18T03:28:00	1.32	10.34	9.62	8.16
2010-09-18T03:58:00	1.47	10.25	9.61	8.29
2010-09-18T04:28:00	1.37	10.12	9.44	8.00
2010-09-18T04:58:00	1.46	10.06	9.39	8.01
2010-09-18T05:28:00	1.38	10.15	9.36	7.76
2010-09-18T05:58:00	1.39	9.86	9.13	7.65
2010-09-18T06:28:00	1.30	9.42	8.70	7.29
2010-09-18T06:58:00	1.43	9.77	9.05	7.56
2010-09-18T07:28:00	1.39	9.94	9.21	7.63
2010-09-18T07:58:00	1.47	9.24	8.52	7.05
2010-09-18T08:28:00	1.50	9.14	8.34	6.70
2010-09-18T08:58:00	1.52	9.19	8.35	6.72
2010-09-18T09:28:00	1.50	9.22	8.40	6.73
2010-09-18T09:58:00	1.63	9.05	8.27	6.68
2010-09-18T10:28:00	1.52	8.91	8.16	6.66
2010-09-18T10:58:00	1.63	9.12	8.31	6.71
2010-09-18T11:28:00	1.56	8.91	8.09	6.50
2010-09-18T11:58:00	1.54	9.15	8.29	6.55
2010-09-18T12:28:00	1.55	8.96	8.09	6.32
2010-09-18T12:58:00	1.59	9.01	8.15	6.45
2010-09-18T13:28:00	1.54	9.56	8.73	6.87
2010-09-18T13:58:00	1.43	8.83	7.97	6.31
2010-09-18T14:28:00	1.54	8.95	8.18	6.74
2010-09-18T14:58:00	1.52	8.84	8.16	6.82
2010-09-18T15:28:00	1.54	8.88	8.19	6.86
2010-09-18T15:58:00	1.49	8.81	8.07	6.68
2010-09-18T16:28:00	1.47	8.79	8.05	6.67
2010-09-18T16:58:00	1.42	8.82	8.09	6.65
2010-09-18T17:28:00	1.48	8.73	7.97	6.54
2010-09-18T17:58:00	1.39	9.11	8.29	6.58
2010-09-18T18:28:00	1.39	8.55	7.81	6.43
2010-09-18T18:58:00	1.36	9.10	8.27	6.55
2010-09-18T19:28:00	1.41	9.27	8.39	6.50
2010-09-18T19:58:00	1.45	9.17	8.26	6.35
2010-09-18T20:28:00	1.49	8.67	7.88	6.24
2010-09-18T20:58:00	1.51	8.64	7.84	6.27
2010-09-18T21:28:00	1.55	8.27	7.60	6.30
2010-09-18T21:58:00	1.52	8.65	7.91	6.54
2010-09-18T22:28:00	1.51	8.94	8.10	6.53
2010-09-18T22:58:00	1.46	9.08	8.25	6.70
2010-09-18T23:28:00	1.36	8.89	8.22	6.88
2010-09-18T23:58:00	1.35	9.27	8.48	6.88
2010-09-19T00:28:00	1.35	9.46	8.67	7.04
2010-09-19T00:58:00	1.40	9.52	8.80	7.28
2010-09-19T01:28:00	1.38	9.73	8.98	7.29
2010-09-19T01:58:00	1.37	9.44	8.70	7.13
2010-09-19T02:28:00	1.35	9.38	8.65	6.97
2010-09-19T02:58:00	1.31	9.52	8.69	6.86
2010-09-19T03:28:00	1.31	8.98	8.22	6.55
2010-09-19T03:58:00	1.41	9.07	8.31	6.68
2010-09-19T04:28:00	1.30	9.16	8.33	6.60
2010-09-19T04:58:00	1.36	9.37	8.61	6.93
2010-09-19T05:28:00	1.35	9.47	8.67	6.93
2010-09-19T05:58:00	1.27	9.23	8.33	6.57
2010-09-19T06:28:00	1.28	9.91	8.98	6.94
2010-09-19T06:58:00	1.32	9.70	8.87	7.04
2010-09-19T07:28:00	1.29	9.65	8.83	7.03
2010-09-19T07:58:00	1.24	9.78	8.93	6.97
2010-09-19T08:28:00	1.29	9.42	8.59	6.84
2010-09-19T08:58:00	1.24	9.97	9.08	7.07
2010-09-19T09:28:00	1.27	10.17	9.35	7.41
2010-09-19T09:58:00	1.18	9.65	8.86	7.05
2010-09-19T10:28:00	1.30	10.24	9.38	7.45
2010-09-19T10:58:00	1.35	10.00	9.21	7.44
2010-09-19T11:28:00	1.24	10.29	9.41	7.41
2010-09-19T11:58:00	1.28	10.75	9.84	7.53
2010-09-19T12:28:00	1.36	9.75	8.88	6.95
2010-09-19T12:58:00	1.28	10.28	9.21	6.76
2010-09-19T13:28:00	1.24	9.27	8.35	6.37
2010-09-19T13:58:00	1.34	10.02	9.00	6.77
2010-09-19T14:28:00	1.33	10.25	9.25	6.99
2010-09-19T14:58:00	1.37	10.22	9.28	7.17
2010-09-19T15:28:00	1.31	9.47	8.53	6.73
2010-09-19T15:58:00	1.36	10.25	9.32	7.22
2010-09-19T16:28:00	1.34	10.40	9.43	7.30
2010-09-19T16:58:00	1.26	9.63	8.73	6.84
2010-09-19T17:28:00	1.33	9.89	8.98	7.04
2010-09-19T17:58:00	1.32	10.38	9.38	7.25
2010-09-19T18:28:00	1.34	9.85	8.95	7.20
2010-09-19T18:58:00	1.33	10.40	9.46	7.42
2010-09-19T19:28:00	1.30	10.52	9.55	7.49
2010-09-19T19:58:00	1.33	10.58	9.59	7.55
2010-09-19T20:28:00	1.31	11.06	10.08	7.90
2010-09-19T20:58:00	1.25	10.47	9.44	7.36
2010-09-19T21:28:00	1.33	10.58	9.60	7.61
2010-09-19T21:58:00	1.38	10.22	9.24	7.34
2010-09-19T22:28:00	1.30	10.24	9.28	7.41
2010-09-19T22:58:00	1.34	10.76	9.79	7.69
2010-09-19T23:28:00	1.32	10.69	9.67	7.53
2010-09-19T23:58:00	1.29	10.52	9.50	7.50
2010-09-20T00:28:00	1.32	10.56	9.55	7.51
2010-09-20T00:58:00	1.33	10.64	9.56	7.50
2010-09-20T01:28:00	1.35	11.13	10.03	7.75
2010-09-20T01:58:00	1.36	11.57	10.58	8.28
2010-09-20T02:28:00	1.34	11.63	10.55	8.13
2010-09-20T02:58:00	1.32	11.28	10.23	7.98
2010-09-20T03:28:00	1.35	11.52	10.48	8.20
2010-09-20T03:58:00	1.40	12.12	11.01	8.51
2010-09-20T04:28:00	1.30	11.44	10.34	8.04
2010-09-20T04:58:00	1.29	11.88	10.77	8.31
2010-09-20T05:28:00	1.42	12.26	11.32	8.97
2010-09-20T05:58:00	1.25	12.57	11.46	8.78
2010-09-20T06:28:00	1.37	12.85	11.79	9.19
2010-09-20T06:58:00	1.31	12.35	11.37	8.87
2010-09-20T07:28:00	1.23	11.81	10.74	8.36
2010-09-20T07:58:00	1.35	12.86	11.94	9.47
2010-09-20T08:28:00	1.42	12.73	11.78	9.32
2010-09-20T08:58:00	1.25	12.24	11.33	8.94
2010-09-20T09:28:00	1.25	12.46	11.44	8.98
2010-09-20T09:58:00	1.22	12.18	11.22	8.91
2010-09-20T10:28:00	1.40	13.34	12.45	9.93
2010-09-20T10:58:00	1.28	12.45	11.60	9.29
2010-09-20T11:28:00	1.39	13.65	12.85	10.33
2010-09-20T11:58:00	1.49	13.90	13.16	10.83
2010-09-20T12:28:00	1.47	13.58	12.84	10.39
2010-09-20T12:58:00	1.41	13.74	12.83	9.90
2010-09-20T13:28:00	1.37	12.91	12.00	9.25
2010-09-20T13:58:00	1.39	13.45	12.54	9.57
2010-09-20T14:28:00	1.37	13.61	12.70	9.65
2010-09-20T14:58:00	1.47	13.65	12.86	10.19
2010-09-20T15:28:00	1.45	13.66	12.83	10.07
2010-09-20T15:58:00	1.49	13.41	12.54	9.64
2010-09-20T16:28:00	1.47	14.04	13.17	10.10
2010-09-20T16:58:00	1.29	13.50	12.50	9.45
2010-09-20T17:28:00	1.61	14.39	13.62	10.78
2010-09-20T17:58:00	1.47	14.10	13.28	10.43
2010-09-20T18:28:00	1.52	14.66	13.91	11.09
2010-09-20T18:58:00	1.38	13.95	13.12	10.35
2010-09-20T19:28:00	1.44	13.67	12.98	10.61
2010-09-20T19:58:00	1.47	14.14	13.35	10.75
2010-09-20T20:28:00	1.76	14.38	13.77	11.53
2010-09-20T20:58:00	1.66	14.38	13.70	11.41
2010-09-20T21:28:00	1.45	13.60	12.80	10.39
2010-09-20T21:58:00	1.57	14.41	13.74	11.43
2010-09-20T22:28:00	1.69	14.32	13.69	11.57
2010-09-20T22:58:00	1.55	13.86	13.19	10.97
2010-09-20T23:28:00	1.59	14.02	13.30	10.97
2010-09-20T23:58:00	1.51	13.70	12.94	10.58
2010-09-21T00:28:00	1.46	12.99	12.21	10.00
2010-09-21T00:58:00	1.60	13.87	13.09	10.69
2010-09-21T01:28:00	1.65	14.51	13.78	11.42
2010-09-21T01:58:00	1.45	13.22	12.39	10.02
2010-09-21T02:28:00	1.61	13.52	12.78	10.61
2010-09-21T02:58:00	1.63	13.82	13.13	10.95
2010-09-21T03:28:00	1.81	14.09	13.51	11.54
2010-09-21T03:58:00	1.55	13.78	13.13	11.04
2010-09-21T04:28:00	1.42	13.12	12.37	10.23
2010-09-21T04:58:00	1.54	13.76	13.13	11.10
2010-09-21T05:28:00	1.53	13.71	13.02	10.87
2010-09-21T05:58:00	1.45	13.33	12.61	10.54
2010-09-21T06:28:00	1.49	13.07	12.40	10.35
2010-09-21T06:58:00	1.41	13.35	12.58	10.05
2010-09-21T07:28:00	1.47	12.86	12.13	9.70
2010-09-21T07:58:00	1.49	13.32	12.59	10.08
2010-09-21T08:28:00	1.67	13.80	13.15	10.68
2010-09-21T08:58:00	1.47	13.14	12.34	9.56
2010-09-21T09:28:00	1.47	13.06	12.34	9.64
2010-09-21T09:58:00	1.50	12.75	12.04	9.47
2010-09-21T10:28:00	1.43	12.71	11.93	9.25
2010-09-21T10:58:00	1.34	12.65	11.88	9.33
2010-09-21T11:28:00	1.39	12.68	11.95	9.49
2010-09-21T11:58:00	1.27	12.62	11.87	9.37
2010-09-21T12:28:00	1.24	12.17	11.41	8.87
2010-09-21T12:58:00	1.50	13.23	12.58	10.08
2010-09-21T13:28:00	1.40	12.47	11.68	9.12
2010-09-21T13:58:00	1.35	12.13	11.30	8.62
2010-09-21T14:28:00	1.38	12.38	11.57	8.85
2010-09-21T14:58:00	1.43	11.98	11.25	8.85
2010-09-21T15:28:00	1.40	12.39	11.59	8.98
2010-09-21T15:58:00	1.34	12.27	11.50	8.92
2010-09-21T16:28:00	1.31	12.51	11.66	8.84
2010-09-21T16:58:00	1.34	12.15	11.38	9.01
2010-09-21T17:28:00	1.28	12.19	11.47	9.14
2010-09-21T17:58:00	1.40	12.56	11.86	9.62
2010-09-21T18:28:00	1.24	12.29	11.53	9.17
2010-09-21T18:58:00	1.34	12.51	11.82	9.63
2010-09-21T19:28:00	1.44	12.92	12.34	10.30
2010-09-21T19:58:00	1.29	12.70	12.01	9.71
2010-09-21T20:28:00	1.31	12.17	11.47	9.32
2010-09-21T20:58:00	1.24	12.26	11.56	9.30
2010-09-21T21:28:00	1.25	12.29	11.65	9.60
2010-09-21T21:58:00	1.45	12.75	12.13	10.07
2010-09-21T22:28:00	1.28	12.46	11.84	9.86
2010-09-21T22:58:00	1.41	12.80	12.27	10.42
2010-09-21T23:28:00	1.24	11.97	11.36	9.54
2010-09-21T23:58:00	1.27	12.03	11.45	9.74
2010-09-22T00:28:00	1.39	12.96	12.42	10.63
2010-09-22T00:58:00	1.20	11.84	11.28	9.62
2010-09-22T01:28:00	1.26	12.18	11.58	9.83
2010-09-22T01:58:00	1.30	12.32	11.77	10.05
2010-09-22T02:28:00	1.22	12.32	11.75	10.09
2010-09-22T02:58:00	1.32	12.55	12.08	10.52
2010-09-22T03:28:00	1.32	12.79	12.26	10.57
2010-09-22T03:58:00	1.34	12.54	12.08	10.56
2010-09-22T04:28:00	1.24	12.07	11.46	9.35
2010-09-22T04:58:00	1.23	12.58	11.96	9.66
2010-09-22T05:28:00	1.16	12.03	11.36	8.82
2010-09-22T05:58:00	1.25	12.02	11.37	8.95
2010-09-22T06:28:00	1.25	11.70	11.10	8.84
2010-09-22T06:58:00	1.22	12.04	11.37	8.70
2010-09-22T07:28:00	1.15	11.60	10.82	7.90
2010-09-22T07:58:00	1.12	11.32	10.50	7.58
2010-09-22T08:28:00	1.16	11.49	10.70	7.77
2010-09-22T08:58:00	1.18	11.44	10.53	7.26
2010-09-22T09:28:00	1.28	11.83	10.92	7.53
2010-09-22T09:58:00	1.16	11.32	10.54	7.72
2010-09-22T10:28:00	1.17	11.73	11.06	8.47
2010-09-22T10:58:00	1.10	11.26	10.56	8.07
2010-09-22T11:28:00	1.07	11.44	10.82	8.62
2010-09-22T11:58:00	1.11	11.75	11.12	8.95
2010-09-22T12:28:00	0.99	11.27	10.58	8.38
2010-09-22T12:58:00	1.04	11.51	10.91	8.96
2010-09-22T13:28:00	1.06	11.67	11.11	9.33
2010-09-22T13:58:00	1.07	11.40	10.84	9.22
2010-09-22T14:28:00	1.00	12.01	11.45	9.64
2010-09-22T14:58:00	1.04	11.95	11.46	9.86
2010-09-22T15:28:00	1.04	11.96	11.45	9.85
2010-09-22T15:58:00	1.13	12.46	11.98	10.38
2010-09-22T16:28:00	1.02	12.08	11.55	9.92
2010-09-22T16:58:00	0.99	11.92	11.41	9.84
2010-09-22T17:28:00	1.09	12.19	11.66	10.18
2010-09-22T17:58:00	1.10	12.26	11.82	10.49
2010-09-22T18:28:00	1.11	11.57	11.16	10.05
2010-09-22T18:58:00	1.03	12.49	12.01	10.59
2010-09-22T19:28:00	1.01	11.84	11.38	10.08
2010-09-22T19:58:00	0.94	11.74	11.24	9.92
2010-09-22T20:28:00	1.04	12.11	11.67	10.43
2010-09-22T20:58:00	1.01	11.76	11.29	10.06
2010-09-22T21:28:00	0.94	12.06	11.59	10.22
2010-09-22T21:58:00	0.96	12.17	11.67	10.26
2010-09-22T22:28:00	1.02	11.92	11.44	10.14
2010-09-22T22:58:00	0.94	11.87	11.34	9.88
2010-09-22T23:28:00	0.89	11.80	11.23	9.69
2010-09-22T23:58:00	0.97	11.98	11.46	10.00
2010-09-23T00:28:00	1.07	12.02	11.52	10.15
2010-09-23T00:58:00	0.93	12.03	11.47	9.75
2010-09-23T01:28:00	0.94	11.62	11.04	9.45
2010-09-23T01:58:00	1.02	12.37	11.84	10.11
2010-09-23T02:28:00	0.99	11.80	11.23	9.55
2010-09-23T02:58:00	0.98	11.69	11.11	9.42
2010-09-23T03:28:00	0.98	11.96	11.38	9.70
2010-09-23T03:58:00	0.96	11.83	11.29	9.66
2010-09-23T04:28:00	0.93	11.57	10.98	9.29
2010-09-23T04:58:00	0.90	11.59	10.92	8.95
2010-09-23T05:28:00	0.83	11.62	10.81	8.13
2010-09-23T05:58:00	0.98	11.81	11.15	8.77
2010-09-23T06:28:00	0.95	11.67	11.01	8.47
2010-09-23T06:58:00	0.92	11.53	10.78	7.99
2010-09-23T07:28:00	0.90	11.69	10.87	7.89
2010-09-23T07:58:00	0.94	11.66	10.80	7.66
2010-09-23T08:28:00	0.93	11.37	10.46	7.31
2010-09-23T08:58:00	0.94	11.32	10.42	7.29
2010-09-23T09:28:00	0.97	11.17	10.25	7.20
2010-09-23T09:58:00	0.95	11.39	10.35	6.97
2010-09-23T10:28:00	0.92	11.02	9.85	6.46
2010-09-23T10:58:00	0.90	11.21	9.92	6.23
2010-09-23T11:28:00	0.97	11.45	10.19	6.61
2010-09-23T11:58:00	0.87	11.09	9.78	6.27
2010-09-23T12:28:00	0.99	12.37	11.17	7.40
2010-09-23T12:58:00	0.90	12.02	10.92	7.57
2010-09-23T13:28:00	0.89	12.00	10.92	7.50
2010-09-23T13:58:00	0.89	12.62	11.66	8.42
2010-09-23T14:28:00	0.92	12.82	11.92	8.97
2010-09-23T14:58:00	0.94	13.10	12.22	9.34
2010-09-23T15:28:00	0.96	12.33	11.63	9.43
2010-09-23T15:58:00	0.87	13.19	12.41	9.89
2010-09-23T16:28:00	0.87	13.46	12.70	10.21
2010-09-23T16:58:00	0.88	13.11	12.32	10.05
2010-09-23T17:28:00	0.82	12.92	12.08	9.73
2010-09-23T17:58:00	0.91	13.28	12.58	10.41
2010-09-23T18:28:00	0.91	13.87	13.06	10.65
2010-09-23T18:58:00	0.86	13.75	12.98	10.64
2010-09-23T19:28:00	0.89	13.67	13.00	10.83
2010-09-23T19:58:00	0.90	14.13	13.42	11.21
2010-09-23T20:28:00	0.89	13.41	12.72	10.63
2010-09-23T20:58:00	0.88	13.23	12.51	10.34
2010-09-23T21:28:00	0.95	13.63	12.98	10.98
2010-09-23T21:58:00	0.94	13.71	13.02	10.98
2010-09-23T22:28:00	0.96	14.38	13.71	11.47
2010-09-23T22:58:00	0.98	13.87	13.21	11.16
2010-09-23T23:28:00	0.89	13.51	12.82	10.69
2010-09-23T23:58:00	0.94	13.65	12.97	10.81
2010-09-24T00:28:00	0.93	14.04	13.36	11.05
2010-09-24T00:58:00	0.90	13.49	12.76	10.46
2010-09-24T01:28:00	0.93	13.55	12.86	10.63
2010-09-24T01:58:00	0.96	13.65	12.99	10.79
2010-09-24T02:28:00	0.93	13.47	12.81	10.60
2010-09-24T02:58:00	0.93	13.56	12.83	10.48
2010-09-24T03:28:00	0.95	13.67	12.98	10.68
2010-09-24T03:58:00	0.94	14.10	13.38	10.66
2010-09-24T04:28:00	0.90	13.93	13.09	9.99
2010-09-24T04:58:00	0.95	13.49	12.73	9.69
2010-09-24T05:28:00	1.04	13.19	12.34	9.02
2010-09-24T05:58:00	0.94	13.03	12.01	8.34
2010-09-24T06:28:00	0.94	12.55	11.56	7.93
2010-09-24T06:58:00	0.92	13.07	12.01	8.04
2010-09-24T07:28:00	0.96	13.17	12.20	8.40
2010-09-24T07:58:00	1.01	13.29	12.29	8.39
2010-09-24T08:28:00	1.10	13.39	12.44	8.44
2010-09-24T08:58:00	0.96	12.94	11.84	7.69
2010-09-24T09:28:00	1.06	13.38	12.32	8.13
2010-09-24T09:58:00	1.06	13.14	12.23	8.54
2010-09-24T10:28:00	1.03	13.58	12.60	8.36
2010-09-24T10:58:00	0.97	12.71	11.67	7.80
2010-09-24T11:28:00	1.06	13.13	12.25	8.62
2010-09-24T11:58:00	1.06	13.41	12.54	8.91
2010-09-24T12:28:00	0.95	13.10	12.17	8.65
2010-09-24T12:58:00	1.01	13.42	12.57	9.01
2010-09-24T13:28:00	0.99	12.96	12.16	9.06
2010-09-24T13:58:00	1.00	12.92	12.10	8.97
2010-09-24T14:28:00	0.93	13.15	12.27	8.96
2010-09-24T14:58:00	0.99	13.14	12.42	9.73
2010-09-24T15:28:00	0.92	13.01	12.20	9.44
2010-09-24T15:58:00	0.95	13.18	12.47	9.84
2010-09-24T16:28:00	0.92	13.05	12.32	9.69
2010-09-24T16:58:00	0.95	13.21	12.53	10.00
2010-09-24T17:28:00	0.99	13.34	12.69	10.36
2010-09-24T17:58:00	0.99	13.86	13.20	10.76
2010-09-24T18:28:00	1.05	13.65	12.99	10.58
2010-09-24T18:58:00	0.95	13.22	12.55	10.20
2010-09-24T19:28:00	0.90	13.58	12.87	10.19
2010-09-24T19:58:00	1.00	13.10	12.45	10.23
2010-09-24T20:28:00	1.03	12.99	12.31	9.97
2010-09-24T20:58:00	0.94	13.03	12.28	9.64
2010-09-24T21:28:00	0.99	12.82	12.17	9.68
2010-09-24T21:58:00	0.89	12.72	11.96	9.38
2010-09-24T22:28:00	0.90	12.76	11.99	9.33
2010-09-24T22:58:00	1.14	13.33	12.76	10.65
2010-09-24T23:28:00	1.02	13.18	12.57	10.23
2010-09-24T23:58:00	1.00	13.03	12.36	9.96
2010-09-25T00:28:00	1.00	12.86	12.17	9.80
2010-09-25T00:58:00	1.00	13.30	12.61	9.93
2010-09-25T01:28:00	0.99	12.81	12.03	9.34
2010-09-25T01:58:00	1.08	12.89	12.17	9.65
2010-09-25T02:28:00	0.99	12.43	11.65	9.06
2010-09-25T02:58:00	1.01	12.53	11.76	9.13
2010-09-25T03:28:00	1.10	12.93	12.21	9.61
2010-09-25T03:58:00	1.12	12.44	11.74	9.23
2010-09-25T04:28:00	1.06	12.80	12.01	9.16
2010-09-25T04:58:00	0.94	12.08	11.21	8.49
2010-09-25T05:28:00	0.94	13.44	12.68	9.98
2010-09-25T05:58:00	0.97	12.75	12.08	9.64
2010-09-25T06:28:00	0.99	12.72	12.10	9.89
2010-09-25T06:58:00	1.02	13.19	12.49	9.90
2010-09-25T07:28:00	0.99	12.24	11.51	8.98
2010-09-25T07:58:00	0.93	12.11	11.32	8.65
2010-09-25T08:28:00	1.00	12.44	11.64	8.96
2010-09-25T08:58:00	1.01	12.50	11.80	9.36
2010-09-25T09:28:00	0.96	12.42	11.70	9.24
2010-09-25T09:58:00	0.98	12.19	11.48	9.08
2010-09-25T10:28:00	1.01	12.39	11.76	9.58
2010-09-25T10:58:00	1.00	12.52	11.84	9.60
2010-09-25T11:28:00	0.96	12.30	11.66	9.55
2010-09-25T11:58:00	0.97	12.06	11.48	9.48
2010-09-25T12:28:00	1.01	12.53	12.00	10.10
2010-09-25T12:58:00	0.97	12.22	11.59	9.55
2010-09-25T13:28:00	1.05	12.75	12.20	10.27
2010-09-25T13:58:00	0.99	12.02	11.44	9.62
2010-09-25T14:28:00	1.00	12.51	11.93	10.00
2010-09-25T14:58:00	1.01	12.11	11.50	9.62
2010-09-25T15:28:00	1.04	12.48	11.92	10.06
2010-09-25T15:58:00	1.07	12.52	11.96	10.12
2010-09-25T16:28:00	1.01	12.36	11.74	9.77
2010-09-25T16:58:00	1.03	12.62	11.98	9.96
2010-09-25T17:28:00	0.99	12.27	11.64	9.75
2010-09-25T17:58:00	0.89	12.13	11.42	9.33
2010-09-25T18:28:00	1.05	12.69	12.13	10.41
2010-09-25T18:58:00	0.91	12.21	11.59	9.81
2010-09-25T19:28:00	1.00	12.44	11.84	10.14
2010-09-25T19:58:00	0.99	12.36	11.80	10.11
2010-09-25T20:28:00	0.90	12.01	11.38	9.68
2010-09-25T20:58:00	0.96	12.45	11.88	10.26
2010-09-25T21:28:00	0.93	11.75	11.18	9.62
2010-09-25T21:58:00	0.94	12.31	11.72	10.05
2010-09-25T22:28:00	0.91	12.15	11.52	9.74
2010-09-25T22:58:00	0.96	11.81	11.22	9.53
2010-09-25T23:28:00	1.02	12.15	11.64	10.00
2010-09-25T23:58:00	0.94	11.97	11.34	9.63
2010-09-26T00:28:00	0.99	12.18	11.60	9.91
2010-09-26T00:58:00	0.98	11.74	11.13	9.49
2010-09-26T01:28:00	0.94	11.84	11.18	9.37
2010-09-26T01:58:00	1.01	12.22	11.57	9.72
2010-09-26T02:28:00	0.93	12.04	11.32	9.29
2010-09-26T02:58:00	0.88	11.80	11.04	8.90
2010-09-26T03:28:00	1.01	12.46	11.78	9.67
2010-09-26T03:58:00	0.95	11.54	10.83	8.93
2010-09-26T04:28:00	0.90	12.03	11.30	9.14
2010-09-26T04:58:00	0.94	11.93	11.26	9.33
2010-09-26T05:28:00	0.93	12.28	11.57	9.46
2010-09-26T05:58:00	0.89	11.95	11.31	9.36
2010-09-26T06:28:00	0.92	11.60	10.90	9.01
2010-09-26T06:58:00	0.95	11.72	11.03	9.20
2010-09-26T07:28:00	0.96	11.55	10.83	9.03
2010-09-26T07:58:00	0.95	11.79	11.10	9.29
2010-09-26T08:28:00	0.88	11.52	10.76	8.91
2010-09-26T08:58:00	0.98	11.98	11.32	9.52
2010-09-26T09:28:00	1.00	12.26	11.67	9.98
2010-09-26T09:58:00	0.92	11.90	11.27	9.51
2010-09-26T10:28:00	0.87	12.09	11.42	9.57
2010-09-26T10:58:00	0.91	12.11	11.54	9.90
2010-09-26T11:28:00	0.86	11.72	11.10	9.48
2010-09-26T11:58:00	0.87	11.92	11.28	9.53
2010-09-26T12:28:00	0.89	11.65	10.98	9.23
2010-09-26T12:58:00	0.89	12.03	11.46	9.79
2010-09-26T13:28:00	0.86	12.08	11.43	9.52
2010-09-26T13:58:00	0.91	12.27	11.66	9.80
2010-09-26T14:28:00	0.85	11.97	11.32	9.45
2010-09-26T14:58:00	0.91	12.72	12.07	10.00
2010-09-26T15:28:00	0.92	12.12	11.50	9.65
2010-09-26T15:58:00	0.92	11.68	11.03	9.23
2010-09-26T16:28:00	0.86	11.51	10.81	8.94
2010-09-26T16:58:00	0.88	11.56	10.90	9.06
2010-09-26T17:28:00	0.96	11.75	11.13	9.42
2010-09-26T17:58:00	0.84	11.49	10.80	8.96
2010-09-26T18:28:00	0.85	11.76	11.09	9.26
2010-09-26T18:58:00	0.93	11.99	11.36	9.51
2010-09-26T19:28:00	0.88	11.74	11.07	9.19
2010-09-26T19:58:00	0.91	11.69	11.07	9.39
2010-09-26T20:28:00	0.97	11.64	11.09	9.51
2010-09-26T20:58:00	0.85	11.47	10.81	9.08
2010-09-26T21:28:00	0.98	11.83	11.25	9.64
2010-09-26T21:58:00	0.91	11.47	10.83	9.19
2010-09-26T22:28:00	0.88	11.45	10.82	9.17
2010-09-26T22:58:00	0.84	11.24	10.62	9.00
2010-09-26T23:28:00	0.89	12.00	11.38	9.58
2010-09-26T23:58:00	0.81	11.58	10.88	9.11
2010-09-27T00:28:00	0.80	11.36	10.63	8.80
2010-09-27T00:58:00	0.86	11.64	11.00	9.33
2010-09-27T01:28:00	0.88	11.61	10.98	9.33
2010-09-27T01:58:00	0.86	11.77	11.17	9.46
2010-09-27T02:28:00	0.88	11.49	10.89	9.27
2010-09-27T02:58:00	0.83	11.54	10.91	9.18
2010-09-27T03:28:00	0.84	11.49	10.77	8.92
2010-09-27T03:58:00	0.78	11.49	10.73	8.76
2010-09-27T04:28:00	0.86	12.28	11.63	9.75
2010-09-27T04:58:00	0.84	11.82	11.09	9.09
2010-09-27T05:28:00	0.89	11.68	11.04	9.25
2010-09-27T05:58:00	0.84	11.64	10.97	9.11
2010-09-27T06:28:00	0.77	11.40	10.70	8.85
2010-09-27T06:58:00	0.83	11.55	10.87	9.06
2010-09-27T07:28:00	0.82	11.07	10.37	8.72
2010-09-27T07:58:00	0.83	11.88	11.26	9.51
2010-09-27T08:28:00	0.82	11.90	11.32	9.64
2010-09-27T08:58:00	0.81	11.75	11.15	9.43
2010-09-27T09:28:00	0.72	11.32	10.62	8.79
2010-09-27T09:58:00	0.76	11.49	10.87	9.14
2010-09-27T10:28:00	0.80	12.20	11.57	9.63
2010-09-27T10:58:00	0.80	11.85	11.29	9.59
2010-09-27T11:28:00	0.73	11.77	11.12	9.18
2010-09-27T11:58:00	0.79	11.78	11.18	9.28
2010-09-27T12:28:00	0.83	11.99	11.40	9.40
2010-09-27T12:58:00	0.78	11.49	10.89	8.88
2010-09-27T13:28:00	0.83	11.84	11.19	9.06
2010-09-27T13:58:00	0.80	11.84	11.19	9.02
2010-09-27T14:28:00	0.76	11.94	11.18	8.76
2010-09-27T14:58:00	0.81	11.87	11.23	9.07
2010-09-27T15:28:00	0.81	11.93	11.28	9.09
2010-09-27T15:58:00	0.72	11.95	11.24	8.90
2010-09-27T16:28:00	0.75	12.11	11.40	9.06
2010-09-27T16:58:00	0.74	11.95	11.30	9.19
2010-09-27T17:28:00	0.78	11.92	11.31	9.19
2010-09-27T17:58:00	0.75	11.46	10.82	8.71
2010-09-27T18:28:00	0.74	11.96	11.23	8.78
2010-09-27T18:58:00	0.75	11.56	10.85	8.53
2010-09-27T19:28:00	0.77	11.80	11.11	8.74
2010-09-27T19:58:00	0.89	12.24	11.65	9.47
2010-09-27T20:28:00	0.74	11.71	11.05	8.85
2010-09-27T20:58:00	0.78	11.82	11.19	9.01
2010-09-27T21:28:00	0.77	11.74	11.07	8.69
2010-09-27T21:58:00	0.74	11.42	10.66	8.16
2010-09-27T22:28:00	0.77	11.33	10.64	8.32
2010-09-27T22:58:00	0.78	11.79	11.11	8.78
2010-09-27T23:28:00	0.77	11.59	10.93	8.75
2010-09-27T23:58:00	0.75	11.56	10.96	8.89
2010-09-28T00:28:00	0.74	11.49	10.87	8.84
2010-09-28T00:58:00	0.75	11.60	11.02	9.04
2010-09-28T01:28:00	0.73	11.41	10.76	8.70
2010-09-28T01:58:00	0.76	11.60	10.92	8.82
2010-09-28T02:28:00	0.73	11.36	10.74	8.80
2010-09-28T02:58:00	0.83	11.74	11.23	9.50
2010-09-28T03:28:00	0.74	11.42	10.76	8.78
2010-09-28T03:58:00	0.71	10.89	10.20	8.24
2010-09-28T04:28:00	0.81	11.52	10.88	8.88
2010-09-28T04:58:00	0.82	11.36	10.77	8.90
2010-09-28T05:28:00	0.78	11.16	10.51	8.52
2010-09-28T05:58:00	0.76	11.06	10.31	8.14
2010-09-28T06:28:00	0.72	11.13	10.34	7.87
2010-09-28T06:58:00	0.71	10.88	10.01	7.30
2010-09-28T07:28:00	0.75	10.99	10.17	7.36
2010-09-28T07:58:00	0.72	11.01	10.02	7.02
2010-09-28T08:28:00	0.73	11.01	10.13	7.19
2010-09-28T08:58:00	0.78	10.71	9.85	6.98
2010-09-28T09:28:00	0.75	10.59	9.67	6.69
2010-09-28T09:58:00	0.81	10.82	9.94	7.03
2010-09-28T10:28:00	0.78	10.31	9.46	6.78
2010-09-28T10:58:00	0.79	10.46	9.59	6.69
2010-09-28T11:28:00	0.77	10.32	9.40	6.50
2010-09-28T11:58:00	0.72	10.36	9.33	6.28
2010-09-28T12:28:00	0.74	10.61	9.63	6.59
2010-09-28T12:58:00	0.75	10.69	9.71	6.72
2010-09-28T13:28:00	0.82	11.06	10.29	7.61
2010-09-28T13:58:00	0.76	10.44	9.59	6.96
2010-09-28T14:28:00	0.79	10.41	9.57	7.06
2010-09-28T14:58:00	0.71	10.17	9.31	6.88
2010-09-28T15:28:00	0.79	11.15	10.44	8.10
2010-09-28T15:58:00	0.80	11.21	10.48	8.11
2010-09-28T16:28:00	0.75	10.47	9.77	7.63
2010-09-28T16:58:00	0.79	11.10	10.36	8.06
2010-09-28T17:28:00	0.75	10.99	10.27	7.97
2010-09-28T17:58:00	0.74	10.83	10.05	7.80
2010-09-28T18:28:00	0.75	11.05	10.33	8.10
2010-09-28T18:58:00	0.73	11.03	10.28	8.01
2010-09-28T19:28:00	0.77	10.98	10.31	8.22
2010-09-28T19:58:00	0.75	11.32	10.63	8.44
2010-09-28T20:28:00	0.74	10.67	10.07	8.16
2010-09-28T20:58:00	0.72	11.06	10.44	8.44
2010-09-28T21:28:00	0.73	11.09	10.48	8.49
2010-09-28T21:58:00	0.72	11.31	10.69	8.64
2010-09-28T22:28:00	0.79	11.39	10.88	9.07
2010-09-28T22:58:00	0.73	11.26	10.72	8.85
2010-09-28T23:28:00	0.72	11.35	10.84	8.99
2010-09-28T23:58:00	0.71	11.28	10.76	8.88
2010-09-29T00:28:00	0.74	11.43	10.92	9.11
2010-09-29T00:58:00	0.72	11.14	10.70	9.12
2010-09-29T01:28:00	0.84	11.48	11.09	9.71
2010-09-29T01:58:00	0.76	11.11	10.68	9.20
2010-09-29T02:28:00	0.78	11.31	10.85	9.27
2010-09-29T02:58:00	0.76	11.03	10.56	9.02
2010-09-29T03:28:00	0.65	11.01	10.44	8.59
2010-09-29T03:58:00	0.75	11.63	11.17	9.46
2010-09-29T04:28:00	0.74	11.12	10.66	9.14
2010-09-29T04:58:00	0.68	11.12	10.59	8.76
2010-09-29T05:28:00	0.72	10.75	10.27	8.59
2010-09-29T05:58:00	0.80	11.34	10.88	9.22
2010-09-29T06:28:00	0.69	10.84	10.31	8.55
2010-09-29T06:58:00	0.75	11.32	10.86	9.12
2010-09-29T07:28:00	0.78	11.44	10.97	9.32
2010-09-29T07:58:00	0.67	11.03	10.42	8.22
2010-09-29T08:28:00	0.71	10.71	10.17	8.13
2010-09-29T08:58:00	0.72	10.50	9.95	7.84
2010-09-29T09:28:00	0.72	10.90	10.32	7.94
2010-09-29T09:58:00	0.75	10.82	10.24	7.83
2010-09-29T10:28:00	0.77	10.88	10.26	7.75
2010-09-29T10:58:00	0.80	10.64	10.09	7.82
2010-09-29T11:28:00	0.75	10.27	9.62	7.07
2010-09-29T11:58:00	0.71	10.41	9.71	6.97
2010-09-29T12:28:00	0.83	10.61	10.17	8.30
2010-09-29T12:58:00	0.75	10.92	10.38	8.23
2010-09-29T13:28:00	0.72	10.72	10.24	8.35
2010-09-29T13:58:00	0.70	10.77	10.31	8.65
2010-09-29T14:28:00	0.72	10.79	10.41	9.09
2010-09-29T14:58:00	0.69	10.94	10.52	9.02
2010-09-29T15:28:00	0.66	10.74	10.25	8.41
2010-09-29T15:58:00	0.68	10.64	10.11	8.30
2010-09-29T16:28:00	0.69	10.58	10.08	8.36
2010-09-29T16:58:00	0.65	10.92	10.40	8.62
2010-09-29T17:28:00	0.68	10.69	10.24	8.72
2010-09-29T17:58:00	0.68	10.70	10.24	8.77
2010-09-29T18:28:00	0.70	10.65	10.16	8.64
2010-09-29T18:58:00	0.82	10.89	10.54	9.37
2010-09-29T19:28:00	0.77	10.75	10.37	9.20
2010-09-29T19:58:00	0.69	10.63	10.23	8.99
2010-09-29T20:28:00	0.75	10.51	10.19	9.18
2010-09-29T20:58:00	0.74	10.97	10.57	9.36
2010-09-29T21:28:00	0.74	11.01	10.59	9.36
2010-09-29T21:58:00	0.73	11.04	10.68	9.49
2010-09-29T22:28:00	0.74	10.72	10.39	9.35
2010-09-29T22:58:00	0.74	10.77	10.42	9.39
2010-09-29T23:28:00	0.69	10.76	10.40	9.31
2010-09-29T23:58:00	0.67	10.87	10.48	9.36
2010-09-30T00:28:00	0.68	10.93	10.56	9.40
2010-09-30T00:58:00	0.67	10.64	10.23	9.10
2010-09-30T01:28:00	0.72	10.51	10.18	9.23
2010-09-30T01:58:00	0.66	10.75	10.34	9.16
2010-09-30T02:28:00	0.71	10.25	9.89	8.89
2010-09-30T02:58:00	0.73	10.54	10.17	9.03
2010-09-30T03:28:00	0.66	10.51	9.98	8.36
2010-09-30T03:58:00	0.73	10.57	10.07	8.44
2010-09-30T04:28:00	0.74	10.42	9.98	8.48
2010-09-30T04:58:00	0.67	10.59	10.05	8.22
2010-09-30T05:28:00	0.65	10.40	9.88	8.15
2010-09-30T05:58:00	0.70	10.77	10.24	8.23
2010-09-30T06:28:00	0.68	10.44	9.91	7.89
2010-09-30T06:58:00	0.72	10.59	10.09	7.97
2010-09-30T07:28:00	0.69	10.82	10.20	7.47
2010-09-30T07:58:00	0.69	10.25	9.62	7.01
2010-09-30T08:28:00	0.74	10.50	9.82	6.91
2010-09-30T08:58:00	0.68	9.83	8.89	5.69
2010-09-30T09:28:00	0.70	9.61	8.65	5.56
2010-09-30T09:58:00	0.68	9.63	8.58	5.39
2010-09-30T10:28:00	0.81	9.96	9.05	5.88
2010-09-30T10:58:00	0.78	9.04	7.77	4.64
2010-09-30T11:28:00	0.85	8.84	7.48	4.44
2010-09-30T11:58:00	0.87	8.32	7.06	4.38
2010-09-30T12:28:00	0.84	8.02	6.72	4.24
2010-09-30T12:58:00	0.92	8.37	7.28	4.76
2010-09-30T13:28:00	0.90	8.77	7.67	4.99
2010-09-30T13:58:00	0.94	8.06	6.85	4.45
2010-09-30T14:28:00	0.93	7.62	6.39	4.27
2010-09-30T14:58:00	0.90	7.93	6.77	4.57
2010-09-30T15:28:00	0.95	8.30	7.18	4.87
2010-09-30T15:58:00	0.87	8.05	6.98	4.81
2010-09-30T16:28:00	1.01	7.94	6.90	4.88
2010-09-30T16:58:00	0.93	7.87	6.78	4.76
2010-09-30T17:28:00	0.94	8.23	7.27	5.12
2010-09-30T17:58:00	0.86	8.12	7.06	4.87
2010-09-30T18:28:00	0.89	8.73	7.78	5.42
2010-09-30T18:58:00	0.93	8.94	8.01	5.66
2010-09-30T19:28:00	0.91	8.79	7.81	5.60
2010-09-30T19:58:00	0.93	8.86	7.99	5.86
2010-09-30T20:28:00	0.89	8.92	8.05	5.89
2010-09-30T20:58:00	0.87	8.89	8.07	5.94
2010-09-30T21:28:00	0.86	8.96	8.13	5.97
2010-09-30T21:58:00	0.83	8.79	7.98	5.87
2010-09-30T22:28:00	0.82	8.95	8.14	5.94
2010-09-30T22:58:00	0.79	9.42	8.64	6.36
2010-09-30T23:28:00	0.76	9.36	8.66	6.57
2010-09-30T23:58:00	0.72	9.50	8.72	6.51
